sku,name,brand,category,listed_price,low,typical,high,unit,sources,date_checked,images,original_files,id_confidence,price_confidence,notes
MH-089,Wall Mounted Soap Dish with Lid,,Bathroom Accessories,140.0,99,140,155,piece,Flipkart | https://www.flipkart.com/search?q=wall%20mounted%20soap%20dish%20with%20lid,2026-10-09,/uploads/products/wall-mounted-soap-dish-with-lid.webp,6.jpg,low,medium,Generic listings ₹99–155 sale price (MRP ₹499–999). Checked 2026-10-09.
MH-090,Bathroom Accessory Set 6 pcs,,Bathroom Accessories,1500.0,1400,1500,1600,set,"Flipkart (Anelyn ₹1,480; Edtepy ₹1,559) | https://www.flipkart.com/search?q=bathroom%20accessories%20set%206%20pieces%20dustbin%20toilet%20brush%20soap%20dispenser",2026-10-09,/uploads/products/bathroom-accessory-set-6-pcs.webp,11.jpg,low,medium,"Comparable 6-pc plastic sets; MRP ₹3,699."
MH-091,Automatic Foam Soap Dispenser,,Bathroom Accessories,850.0,549,850,1000,piece,Flipkart (Viraan 330ml ₹549; Costar 350ml ₹887; Elephantboat 400ml ₹952) | https://www.flipkart.com/search?q=automatic%20foam%20soap%20dispenser%20rechargeable%20touchless,2026-10-09,/uploads/products/automatic-foam-soap-dispenser.webp,29.jpg,low,medium,"Premium brands go up to ₹2,200–2,650. Very cheap ₹219 units may not be foam sensor models."
MH-092,Wall Mounted Toothbrush Holder,,Bathroom Accessories,250.0,150,250,400,piece,Flipkart (PLNJAR SS ₹196; Plantex SS ₹385; plastic ₹88–162) | https://www.flipkart.com/search?q=wall%20mounted%20toothbrush%20holder,2026-10-09,/uploads/products/wall-mounted-toothbrush-holder.webp,36.jpg,low,low,"Image shows a metal holder; metal comparables cost ₹196–385, plastic ones ₹88–162."
MH-093,Aluminium Bathroom Shelf Rack,,Bathroom Accessories,400.0,150,400,600,piece,Flipkart (dyomnizy ₹152; Stuffzone ₹494; Bajrayo ₹513–604) | https://www.flipkart.com/search?q=aluminium%20bathroom%20shelf%20rack%20wall%20mounted%20black,2026-10-09,/uploads/products/aluminium-bathroom-shelf-rack.webp,53.jpg,low,medium,Price per shelf; some listings sell 2-shelf packs.
MH-094,Corner Shower Shelf Black (2 pcs),,Bathroom Accessories,280.0,155,280,400,pack,Flipkart (ARATRAS 2-pk ₹155; ZenZone 2-pk ₹231; VRPRIME 2-pc ₹289) | https://www.flipkart.com/search?q=corner%20shower%20shelf%20black%20aluminium%20pack%20of%202,2026-10-09,/uploads/products/corner-shower-shelf-black-2-pcs.webp,90.jpg,low,medium,
MH-095,Pedal Dustbin & Toilet Brush Set,,Bathroom Accessories,600.0,350,600,1000,set,Amazon.in/Flipkart search (pedal bin 7L ₹199; brush+holder ₹153–549) | https://www.amazon.in/pedal-dustbin/s?k=pedal+dustbin,2026-10-09,/uploads/products/pedal-dustbin-toilet-brush-set.webp,241.jpg,low,low,No exact bundle found; estimated by adding separate pedal bin and brush prices.
MH-096,Braided Connection Pipe 18 inch (2 pcs),,Bathroom Accessories,215.0,164,215,252,pack,"Flipkart (Cossimo ₹164; Bathonix ₹217; RUHE SS304 ₹252, all 2-pk) | https://www.flipkart.com/search?q=braided%20connection%20pipe%2018%20inch%20stainless%20steel",2026-10-09,/uploads/products/braided-connection-pipe-18-inch-2-pcs.webp,131.jpg,low,high,Pack of 2.
MH-097,SWR Drainage Tee 4 inch,,Tee,130.0,110,130,165,piece,IndiaMART (Supreme 110mm plain tee ₹122) | https://www.indiamart.com/proddetail/110mm-plain-tee-22489665948.html ; Topland ringfit single tee ₹78–164,2026-10-09,/uploads/products/swr-drainage-tee-4-inch.webp,8.jpg,low,medium,Dealer prices exclude GST; door tee costs about ₹141.
MH-098,PVC 4-Way Side Outlet Tee 1 inch,,Tee,75.0,60,75,90,piece,Amazon.in (Infinite tech 4-pk ₹249) | https://www.amazon.in/Infinite-tech-Furniture-Greenhouse-Connector/dp/B0BN5V889X ; Flipkart Soil to Soul 1in packs,2026-10-09,/uploads/products/pvc-4-way-side-outlet-tee-1-inch.webp,10.jpg,low,low,Per-piece price worked out from multi-packs.
MH-099,PVC Cross 1 inch,,Tee,70.0,50,70,120,piece,IndiaMART (Supreme PVC cross 1in ₹50) | https://dir.indiamart.com/impcat/pvc-tee.html ; Amazon.in 10-pk ₹700 | https://www.amazon.in/PVC-CROSS-TEE-32MM-SET/dp/B092LQ9W28,2026-10-09,/uploads/products/pvc-cross-1-inch.webp,67.jpg,low,medium,
MH-100,SWR Wye 4 inch,,Tee,170.0,139,170,223,piece,IndiaMART (Supreme plain Y ₹139; Prins single Y ₹170) | https://www.indiamart.com/proddetail/pvc-swr-single-y-110-mm-fitting-26207290562.html ; Industrybuying Topland single Y ₹223,2026-10-09,/uploads/products/swr-wye-4-inch.webp,68.jpg,low,medium,Dealer prices may exclude GST.
MH-101,CPVC Elbow 90 deg 3/4 inch,,Elbow,15.0,8,15,25,piece,IndiaMART (Astral 3/4in ₹20; Faridabad ₹25; Mumbai ₹12) | https://dir.indiamart.com/impcat/cpvc-elbow.html,2026-10-09,/uploads/products/cpvc-elbow-90-deg-34-inch.webp,65.jpg,low,medium,Plain elbow. A brass FPT elbow costs about ₹137 (Moglix Astral).
MH-102,PVC Male Threaded Adapter 1 inch,,Coupler,25.0,12,25,65,piece,"IndiaMART (1in PVC MTA ₹12, Chennai) | https://www.indiamart.com/proddetail/pvc-male-thread-adapter-25331569733.html ; UPVC 1in male adapter ₹65",2026-10-09,/uploads/products/pvc-male-threaded-adapter-1-inch.webp,66.jpg,low,low,"Amazon import packs work out to ₹300+ each, not representative of local retail."
MH-103,CPVC Brass Female Threaded Adapter 3/4 inch,Plasto,Brass Fittings,Price on request,30,70,150,piece,IndiaMART (MODI FTA ₹30; Bhagvat ₹70; Jainco ₹152) | https://dir.indiamart.com/impcat/cpvc-adapter.html ; https://www.indiamart.com/proddetail/cpvc-female-threaded-adapter-14826268733.html,2026-10-09,/uploads/products/cpvc-brass-female-threaded-adapter-34-inch.webp,141.jpg,medium,not_found,No Plasto price list found; range is for similar CPVC brands.
MH-104,CPVC Male Threaded Adapter 3/4 inch,Plasto,Coupler,Price on request,10,25,40,piece,Apollo catalog via IndiaMART (3/4in plastic MTA ₹27) | https://www.indiamart.com/apollo-pipes-ltd/cpvc-pipes-fittings.html ; IndiaMART ₹8.5 Hyderabad,2026-10-09,/uploads/products/cpvc-male-threaded-adapter-34-inch.webp,142.jpg,medium,not_found,No Plasto price found. A brass-thread MTA costs more (Astral ₹266 on Moglix).
MH-105,CPVC Cross 3/4 inch,Plasto,Tee,Price on request,20,30,55,piece,"Amazon.in (Supreme 20-pk ₹599, ₹30 each) | https://www.amazon.in/Supreme-CPVC-Fittings-Cross-Tee/dp/B07GZTTR3M ; IndiaMART Valox ₹18.8, Astral ₹53",2026-10-09,/uploads/products/cpvc-cross-34-inch.webp,144.jpg,medium,not_found,No Plasto price found; based on other brands.
MH-106,CPVC Coupler 3/4 inch,Plasto,Coupler,Price on request,5,10,22,piece,"Amazon.in (Astral 25-pk ₹545, ₹21.8 each) | https://www.amazon.in/Astral-Inch-Plastic-Coupler-Yellow/dp/B07BKQTZ6N ; IndiaMART ₹4–9",2026-10-09,/uploads/products/cpvc-coupler-34-inch.webp,146.jpg,medium,not_found,No Plasto price found; based on other brands.
MH-107,CPVC Brass Threaded Tee 3/4 inch,Plasto,Tee,Price on request,30,60,100,piece,IndiaMART (Ashirvad 3/4in brass tee ₹60; Reva ₹100) | https://www.indiamart.com/proddetail/cpvc-brass-tee-16122316397.html ; https://dir.indiamart.com/impcat/cpvc-brass-tee.html,2026-10-09,/uploads/products/cpvc-brass-threaded-tee-34-inch.webp,147.jpg,medium,not_found,No Plasto price found; based on other brands.
MH-108,PPR Female Threaded Elbow with Brass Insert,,Elbow,80.0,40,80,155,piece,IndiaMART (Euro Life 20x1/2in ₹80; 25mm FT elbow ₹155) | https://www.indiamart.com/proddetail/ppr-female-threaded-elbow-22055396333.html ; https://dir.indiamart.com/impcat/ppr-female-threaded-elbow.html,2026-10-09,/uploads/products/ppr-female-threaded-elbow-with-brass-insert.webp,211.jpg,low,low,Size not specified; price rises with size (20 vs 25 mm).
MH-109,PVC 3-Way Corner Elbow 1 inch,,Elbow,40.0,17,40,60,piece,IndiaMART (Triveni 1in 3-way ₹17; Dehran ₹26) | https://www.indiamart.com/proddetail/1-inch-3-way-pvc-elbow-25239458097.html ; Flipkart Dehran 10-pk ₹522,2026-10-09,/uploads/products/pvc-3-way-corner-elbow-1-inch.webp,223.jpg,low,medium,
MH-110,PVC Threaded End Plug 1/2 inch,,Accessories,5.0,2,5,10,piece,IndiaMART (1/2in threaded end cap ₹3) | https://www.indiamart.com/proddetail/pvc-pipe-threaded-end-cap-19098763073.html ; Flipkart 5-pc pack with teflon ₹141,2026-10-09,/uploads/products/pvc-threaded-end-plug-12-inch.webp,200.jpg,low,low,Wholesale prices ₹1.4–3; small retail packs are higher per piece.
MH-111,HDPE Water Pipe Coil 32mm,,Water Pipes,30.0,23,30,94,metre,IndiaMART (Ravi 32mm ₹23/m; Gamson PE80 PN6 ₹28/m; Sri Kakatiya ₹94/m) | https://www.indiamart.com/proddetail/hdpe-pipes-roll-32-mm-10166594930.html ; https://dir.indiamart.com/impcat/hdpe-coil-pipe.html,2026-10-09,/uploads/products/hdpe-water-pipe-coil-32mm.webp,37.jpg,low,medium,Price depends on PE grade and pressure class (PN). Prices exclude GST.
MH-112,HDPE SDR Pipe Coil,Plasto,Water Pipes,Price on request,,,,coil,,2026-10-09,/uploads/products/hdpe-sdr-pipe-coil.webp,98.jpg,medium,not_found,"not_found: No Plasto HDPE price list found, and size/SDR are not specified. Generic 32mm HDPE costs ₹23–94/m (see N23)."
MH-113,UPVC Pressure Pipe,Plasto,UPVC Pipes,Price on request,,,,piece,,2026-10-09,/uploads/products/upvc-pressure-pipe.webp,99.jpg,medium,not_found,"not_found: No Plasto UPVC price list found, and size/class are not specified."
MH-114,Garden Hose Pipe 3 Layer (per metre),Plasto,Water Pipes,41.0,35,41,44,metre,"Flipkart (Plasto 3-layer 1/2in 30m ₹1,038; 15m ₹612) | https://www.flipkart.com/search?q=plasto%20garden%20pipe ; Amazon.in (Plasto 3-layer 1/2in 30m ₹1,240–1,332) | https://www.amazon.in/Stabilized-Heavy-Duty-Connector-Anti-Kink-Weatherproof/dp/B0DWDWX1C5",2026-10-09,/uploads/products/garden-hose-pipe-3-layer-per-metre.webp,218.jpg,medium,medium,"Per-metre price worked out from 1/2in rolls. 3/4in costs about ₹61/m (₹1,843/30m)."
MH-115,Steel Claw Hammer 16 oz,Estwing,Tools,Price on request,,,,piece,Amazon.in listing (no price retrieved) | https://www.amazon.in/Estwing-E3-16C-Hammers-Metal-Handle/dp/B00002N5NA,2026-10-09,/uploads/products/steel-claw-hammer-16-oz.webp,12.jpg,medium,not_found,"not_found: Model looks like E3-16C. No INR price could be retrieved; US price about $27–35. Amazon.in E3-16S about ₹4,334 (different variant)."
MH-116,Try Square 8 inch,Truper,Tools,Price on request,,,,piece,,2026-10-09,/uploads/products/try-square-8-inch.webp,34.jpg,medium,not_found,not_found: No Indian Truper listing found. Generic 8in try squares cost ₹80–250 on IndiaMART.
MH-117,Club Hammer 1 kg,Stanley,Tools,3360.0,,3360,,piece,"Industrybuying (STHT0-54126 ₹3,360 incl GST) | https://www.industrybuying.com/club-hammer-stanley-HAN.CLU.56637316/",2026-10-09,/uploads/products/club-hammer-1-kg.webp,35.jpg,medium,medium,"Model STHT0-54126 (matches image). Only one source found. Flipkart Stanley 1-54-052 club hammer ₹1,409 is a different model."
MH-118,Adjustable Wrench Set 8 & 10 inch,ToughBuilt,Tools,Price on request,,,,set,,2026-10-09,/uploads/products/adjustable-wrench-set-8-10-inch.webp,41.jpg,medium,not_found,not_found: No Indian ToughBuilt listing found. Generic 8in/10in wrenches cost ₹100–478 each on IndiaMART.
MH-119,PVC Pipe Cutter 42mm,AIRAJ,Tools,Price on request,,,,piece,,2026-10-09,/uploads/products/pvc-pipe-cutter-42mm.webp,52.jpg,medium,not_found,"not_found: No INR price for AIRAJ found (US $9–14). Comparable 42mm ratchet cutters cost ₹270–540 on Flipkart; Taparia PCHL-42 ₹1,132."
MH-120,C Clamp 4 inch,,Brackets & Clamps,300.0,240,300,672,piece,Flipkart (SHMART ₹240; Exotic Arcade ₹257; RK ₹265; Taparia ₹672) | https://www.flipkart.com/search?q=c%20clamp%204%20inch,2026-10-09,/uploads/products/c-clamp-4-inch.webp,63.jpg,low,medium,Taparia branded is the high end.
MH-121,Putty Knife Scraper 4 inch,Stanley,Tools,Price on request,,,,piece,,2026-10-09,/uploads/products/putty-knife-scraper-4-inch.webp,73.jpg,medium,not_found,not_found: No Stanley 4in putty knife found in India (only 1.5in/2in models). Generic 4in scrapers cost about ₹50–335.
MH-122,Fibreglass Step Ladder 8 ft,DeWalt,Tools,Price on request,,,,piece,Home Depot (USD only) | https://homedepot.com/p/DEWALT-8-ft-Fiberglass-Step-Ladder-12-2-ft-Reach-Height-Type-1AA-375-lbs-Expanded-Work-Step-and-Impact-Absorption-System-DXL3410-08/323520546,2026-10-09,/uploads/products/fibreglass-step-ladder-8-ft.webp,80.jpg,medium,not_found,not_found: No India listing found. US price about $268–427 depending on load rating.
MH-123,Hand Saw 14 inch,,Tools,280.0,250,280,350,piece,Flipkart (Gearhook 14in ₹268; JON Bhandari 14in/350mm ₹301) | https://www.flipkart.com/search?q=hand%20saw%2014%20inch,2026-10-09,/uploads/products/hand-saw-14-inch.webp,82.jpg,low,medium,
MH-124,Screwdriver Set with Tray (8 pcs),Fixman,Tools,Price on request,,,,set,,2026-10-09,/uploads/products/screwdriver-set-with-tray-8-pcs.webp,84.jpg,medium,not_found,not_found: No Fixman listing with INR price found on Flipkart or IndiaMART.
MH-125,Socket & Ratchet Tool Kit,,Tools,500.0,290,500,1230,set,IndiaMART | https://m.indiamart.com/proddetail/click-to-expand-socket-combination-toolkit-40-pcs-2854600167888.html ; element14 India | https://in.element14.com/c/tools-production-supplies/tools-hand-workholding/sockets-accessories/sets,2026-10-09,/uploads/products/socket-ratchet-tool-kit.webp,92.jpg,low,low,"checked 2026-10-09. Range for ~40-pc generic sets; IndiaMART Rs290-300/set, element14 unbranded 40-pc ~Rs1,230. Piece count not confirmed from image."
MH-126,Household Tool Kit with Cordless Screwdriver,,Tools,2000.0,1624,2000,2000,set,"dealsmagnet (Amazon BLACK+DECKER BMT108C+BD40K27 Rs1,624, 2022) | https://www.dealsmagnet.com/deal/blackdecker-bmt108c-hand-tool-kit-108-pieces-with-171Ra56X ; indiafreestuff (Amazon Hi-Spec 19-pc Rs2,000, MRP 5,999, Jul 2026) | https://www.indiafreestuff.in/hi-spec-cordless-electric-screwdriver-power-screw-driver-set-with-pink-compact-tool-kit-for-small-repair-and-maintenance--ideal-housewarming-gift19-piece-green",2026-10-09,/uploads/products/household-tool-kit-with-cordless-screwdriver.webp,250.jpg,low,low,"checked 2026-10-09. Amazon deal-page prices; B+D price dated 2022. MRP-level listings up to ~Rs6,000."
MH-127,Cordless Drill Driver 12V,JelBo,Drilling Machines,Price on request,,,,piece,,2026-10-09,/uploads/products/cordless-drill-driver-12v.webp,39.jpg,medium,not_found,"checked 2026-10-09. not_found. No JelBo listing in India found. Comparable generic 12V drills: Cheston Rs2,327, DongCheng Rs2,367 (Amazon), IndiaMART Rs1,580."
MH-128,Cordless Drill PDC 18/4,Festool,Drilling Machines,Price on request,,,,piece,,2026-10-09,/uploads/products/cordless-drill-pdc-184.webp,42.jpg,medium,not_found,checked 2026-10-09. not_found. No Indian price/dealer found; model reported discontinued (Lee Valley). UK body-only ~GBP262; US set ~$615.
MH-129,Circular Saw 7 inch GKS 600,Bosch,Cutting Machines,Price on request,,,,piece,,2026-10-09,/uploads/products/circular-saw-7-inch-gks-600.webp,74.jpg,medium,not_found,"checked 2026-10-09. not_found. No Indian listing for GKS 600 found (sold in MY/SG/EU). GKS 600 uses a 165 mm (6.5 in) blade, not 7 in; Indian 7-in Bosch alternatives are GKS 190 (~Rs11,190 genpumps) / GKS 7000."
MH-130,Marble Cutter 4 inch,,Cutting Machines,2600.0,1300,2600,2900,piece,"pricebefore (Amazon MLD 4in 1200W Rs2,899, MRP 4,699) | https://www.pricebefore.com/mld-4-inch-electric-circular-saw-portable-electric-fluting-marble-t8548.html ; dealsmagnet (Planet Power EC4 Rs2,565) | https://www.dealsmagnet.com/deal/planet-power-ec4-4tilemarble-cutter-without-cutti-18kXZ9o5 ; aajjo wholesale Rs1,325 | https://www.aajjo.com/product/marble-cutter-machine-1200-w-in-mahesana-raj-machine-tools",2026-10-09,/uploads/products/marble-cutter-4-inch.webp,138.jpg,low,medium,"checked 2026-10-09. Generic 1050-1200W units; branded (Bosch GDC 120) higher, price on request."
MH-131,20V Max Cordless Drill Driver,DeWalt,Drilling Machines,13000.0,13000,13000,13769,piece,"genpumps (DCD771S2-IN 18V 1.5Ah Rs13,000) | https://genpumps.com/collections/all/products/dewalt-dcd771s2-in-18v-1-5ah-13mm-compact-drill-driver ; Ubuy India (imported DCD771C2 Rs13,769 excl. customs) | https://www.ubuy.co.in/product/13EL4W0Q-dewalt-20v-max-cordless-drill-driver-kit-compact-1-2-inch-dcd771c2-black-oxide-drill-bit-set-with-pi",2026-10-09,/uploads/products/20v-max-cordless-drill-driver.webp,247.jpg,medium,medium,"checked 2026-10-09. Image shows US 20V MAX DCD771; Indian equivalent DCD771S2-IN (18V, 42 Nm)."
MH-132,Matte Black Shower Column Set,,Shower,Price on request,,,,set,,2026-10-09,/uploads/products/matte-black-shower-column-set.webp,23.jpg,low,not_found,"checked 2026-10-09. not_found. No reliable INR listing for matte-black column set; only foreign prices (US$112-125 China imports, EUR66). IndiaMART shower-set price bands not specific."
MH-133,LED Rain Shower System with Body Jets,,Shower,69990.0,55000,69990,200000,set,"IndiaMART (LED rain+mist+body jets+hand shower Rs69,990) | https://m.indiamart.com/impcat/shower-jet.html ; studiomatrx cost guide (body-jet/thermostatic panels Rs55,000-2,00,000+) | https://www.studiomatrx.org/guides/shower-cost-india",2026-10-09,/uploads/products/led-rain-shower-system-with-body-jets.webp,38.jpg,low,low,"checked 2026-10-09. Single listing plus cost guide; configuration (thermostat, jet count) drives price."
MH-134,Shower Panel with Body Jets,,Shower,10500.0,8500,10500,26250,piece,"IndiaMART shower panels (SS 4-jet Rs10,500; thermostatic Rs8,500) | https://m.indiamart.com/impcat/shower-panel.html ; aajjo (aluminium 8-jet panel Rs26,250) | https://www.aajjo.com/product/vivisa-shower-mixer-with-body-shower-in-madurai-gmtrading",2026-10-09,/uploads/products/shower-panel-with-body-jets.webp,215.jpg,low,medium,checked 2026-10-09. 
MH-135,Urinal Flush Valve,Grohe,Cistern & Urinal,Price on request,,,,piece,,2026-10-09,/uploads/products/urinal-flush-valve.webp,91.jpg,medium,not_found,"checked 2026-10-09. not_found. Image matches Grohe Rondo exposed urinal valve (37339000/37346000); no INR price found. EU ~EUR81-119. Grohe Rapido U concealed (37338000) is Rs8,062 at Chabsons - different product."
MH-136,Deck Mounted Bath Filler Mixer,,Taps,16000.0,15000,16000,23400,piece,"IndiaMART bathtub faucets (Rs15,000-23,400) | https://m.indiamart.com/impcat/bathtub-faucet.html ; IndiaMART Jaquar Florentine deck-mounted 4-hole bath filler Rs21,700 | https://m.indiamart.com/jaquarbathroomsolutions",2026-10-09,/uploads/products/deck-mounted-bath-filler-mixer.webp,128.jpg,low,low,checked 2026-10-09. Most IndiaMART listings are floor-standing fillers; deck-mounted generic price not separately confirmed.
MH-137,Matte Black Bottle Trap,,Drains,800.0,340,800,1539,piece,"IndiaMART brass CP bottle traps Rs285-450 | https://m.indiamart.com/impcat/bottle-traps.html ; magicdrop guide (Amazon brass traps Rs799-1,539) | https://magicdrop.in/drops/bottle-trap",2026-10-09,/uploads/products/matte-black-bottle-trap.webp,61.jpg,low,low,checked 2026-10-09. Range from brass bottle traps of chrome/unspecified finish; no INR matte-black-specific listing found.
MH-138,Chrome Bottle Trap with Pop-up Waste,,Drains,Price on request,550,1200,2400,set,"IndiaMART bottle traps Rs285-450 | https://m.indiamart.com/impcat/bottle-traps.html ; Ruhe pop-up waste coupling Rs798 | https://ruheindia.com/products/pop-up-waste-coupling ; Ruhe chrome bottle traps Rs1,546-1,634 | https://ruheindia.com/collections/bottle-trap",2026-10-09,/uploads/products/chrome-bottle-trap-with-pop-up-waste.webp,265.jpg,low,not_found,checked 2026-10-09. Estimated as sum of component prices (trap + pop-up); no bundled INR listing found.
MH-139,Chrome Bottle Trap,Ruhe,Drains,1546.0,1546,1546,2178,piece,"Ruhe official (Eco 7in Rs1,546 MRP 2,060; ARC 7in Rs1,634 MRP 2,178) | https://ruheindia.com/collections/bottle-trap",2026-10-09,/uploads/products/chrome-bottle-trap.webp,196.jpg,medium,medium,checked 2026-10-09. Exact model (Eco vs ARC) not confirmed; Ruhe lists 2-yr warranty.
MH-140,PVC Bottle Trap with Flexible Waste,,Drains,360.0,260,360,500,piece,IndiaMART Om Plast (trap with flexible waste pipe Rs260) | https://m.indiamart.com/omplast-inc/sink-p-trap.html ; Ruhe ABS bottle trap 12in Rs359 | https://ruheindia.com/products/abs-bottle-trap-by-ruhe ; magicdrop (GOEKA ABS Rs499) | https://magicdrop.in/drops/bottle-trap,2026-10-09,/uploads/products/pvc-bottle-trap-with-flexible-waste.webp,132.jpg,low,medium,checked 2026-10-09. 
MH-141,Kitchen Sink Waste Coupling with Flexible Pipe,,Drains,Price on request,70,150,210,set,IndiaMART sink waste couplings (SS Rs45-140) | https://m.indiamart.com/satisfactory/sink-waste-coupling.html ; Chabsons Viking flexible waste pipe Rs62-68 | https://www.chabsons.com/products/waste-pipe-flexible-type-viking-chr-32x750-mm-1-25inchx30inch,2026-10-09,/uploads/products/kitchen-sink-waste-coupling-with-flexible-pipe.webp,133.jpg,low,not_found,checked 2026-10-09. Estimated from component prices; no bundled INR listing found.
MH-142,Flexible Waste Pipe,,Accessories,70.0,30,70,210,piece,IndiaMART R.D Sanitation PVC flexible waste pipe Rs30 | https://m.indiamart.com/rdsanitation/pvc-pipe.html ; Chabsons Viking chrome 32x750 mm Rs62-68 | https://www.chabsons.com/products/waste-pipe-flexible-type-viking-chr-32x750-mm-1-25inchx30inch,2026-10-09,/uploads/products/flexible-waste-pipe.webp,130.jpg,low,medium,checked 2026-10-09. Chrome-finish branded pipes on Amazon up to ~Rs209 (1.5 in).
MH-143,Basin Pop-up Waste with Flexible Trap,,Accessories,Price on request,270,450,870,set,IndiaMART Satyam Industries brass pop-up 3in Rs240 | https://m.indiamart.com/satyamindustriesgujrat/waste-coupling.html ; Ruhe pop-up 3in Rs690-798 | https://ruheindia.com/products/pop-up-waste-coupling ; IndiaMART flexible pipe Rs30 | https://m.indiamart.com/rdsanitation/pvc-pipe.html,2026-10-09,/uploads/products/basin-pop-up-waste-with-flexible-trap.webp,245.jpg,low,not_found,checked 2026-10-09. Estimated from component prices.
MH-144,PVC P-Trap Sink Waste,,Drains,60.0,30,60,260,piece,IndiaMART plumbing traps (PVC P trap Rs30-65) | https://m.indiamart.com/impcat/plumbing-traps.html ; IndiaMART Om Plast PVC trap with flexible pipe Rs260 | https://m.indiamart.com/omplast-inc/sink-p-trap.html,2026-10-09,/uploads/products/pvc-p-trap-sink-waste.webp,58.jpg,low,medium,checked 2026-10-09. 
MH-145,Eye Screw Hook (10 pcs),,Screws,Price on request,,,,pack,,2026-10-09,/uploads/products/eye-screw-hook-10-pcs.webp,31.jpg,low,not_found,"checked 2026-10-09. not_found. No INR 10-pack retail listing found; only bulk per-piece rates (IndiaMART SS Rs0.20/pc, brass Rs35/pc; TradeIndia MS Rs38/pc MOQ 2000)."
MH-146,Black Forged Decorative Nail (50 pcs),,Nails,Price on request,,,,pack,,2026-10-09,/uploads/products/black-forged-decorative-nail-50-pcs.webp,60.jpg,low,not_found,"checked 2026-10-09. not_found. No INR listing found; only US prices (Old West Iron, Walmart)."
MH-147,Self Drilling Roofing Screw with Washer (100 pcs),,Screws,400.0,110,400,700,box,"IndiaMART (hex self-drilling roofing screw with EPDM washer Rs1.10/pc) | https://m.indiamart.com/impcat/roofing-screw.html ; TradeIndia (Rs7/pc, MOQ 100) | https://www.tradeindia.com/manufacturers/roofing-screws.html",2026-10-09,/uploads/products/self-drilling-roofing-screw-with-washer-100-pcs.webp,81.jpg,low,low,checked 2026-10-09. Per-piece wholesale rates x100; size (5.5 vs 6.3 mm) and length affect price.
MH-148,Black Drywall Screw (100 pcs),,Screws,110.0,95,110,160,box,ExportersIndia (25x8 mm Rs239/250 pcs) | https://www.exportersindia.com/lucknow/drywall-screw.htm ; IndiaMART Kaizon black drywall screw Rs100/pack | https://m.indiamart.com/impcat/screws.html,2026-10-09,/uploads/products/black-drywall-screw-100-pcs.webp,83.jpg,low,low,checked 2026-10-09. Pro-rated from bulk box prices; pack counts in some listings unclear.
MH-149,Screw & Wall Plug Assortment Box,,Screws,250.0,149,250,352,box,GlobalBees Cheston 60-pc screw+plug set Rs149 | https://shop.globalbees.com/products/cheston-set-of-60-wall-plug-screws-1000000128213 ; Industrybuying 100-pc screw+plug pack Rs298+GST | https://www.industrybuying.com/drywall-screw-immech-FAS.DRY.77345803,2026-10-09,/uploads/products/screw-wall-plug-assortment-box.webp,262.jpg,low,low,"checked 2026-10-09. Larger 200+ pc pro kits cost Rs3,000+ (element14)."
MH-150,Wood Finish Floor Tile 300x600,,Floor Tiles,60.0,35,60,100,sqft,IndiaMART wood tiles (Rs35-68/sqft) | https://m.indiamart.com/impcat/wood-tiles.html ; housing.com porcelain Rs100-600/sqft | https://housing.com/news/floor-tiles-prices/,2026-10-09,/uploads/products/wood-finish-floor-tile-300x600.webp,32.jpg,low,low,checked 2026-10-09. Unit is per sq ft (no 300x600-specific per-box price found); range not size-specific.
MH-151,Stone Finish Parking Tile 400x400,,Floor Tiles,185.0,165,185,500,box,"IndiaMART parking tiles (400x400 Rs165/box of 5, Rs185/box, Rs500/box; Rs30-34/sqft) | https://m.indiamart.com/impcat/parking-tile.html",2026-10-09,/uploads/products/stone-finish-parking-tile-400x400.webp,43.jpg,low,medium,checked 2026-10-09. Tiles per box and thickness vary (10-16 mm); ~Rs20-35/sqft.
MH-152,LED Backlit Oval Mirror,,Mirrors,9800.0,990,9800,12000,piece,"IndiaMART I Max System (oval LED Rs330/sqft) | https://m.indiamart.com/i-max-system/led-mirror.html ; Bonito Cornerstone LED oval Rs9,800 | https://store.bonito.in/products/cornerstone-led-oval-mirror-for-bathroom ; IndiaMART Mirror & Home Decor oval LED Rs12,000 | https://m.indiamart.com/mirror-home-decor",2026-10-09,/uploads/products/led-backlit-oval-mirror.webp,48.jpg,low,low,checked 2026-10-09. Price depends on size and demister/touch features; low end is ~18x24 in wholesale.
MH-153,Designer Pedestal Wash Basin Black,,Wash Basin,5900.0,4000,5900,9750,piece,"IndiaMART pedestal basins (Sonex black ceramic full pedestal Rs4,000; Rs9,750) | https://dir.indiamart.com/patna/ceramic-pedestal-wash-basin.html ; IndiaMART designer basin Rs5,900 | https://m.indiamart.com/proddetail/agl-wash-basin-23649261833.html",2026-10-09,/uploads/products/designer-pedestal-wash-basin-black.webp,103.jpg,low,low,checked 2026-10-09. Ceramic pedestal basin range; exact designer model not priced.
MH-154,Stone Finish Pedestal Wash Basin,,Wash Basin,18000.0,9500,18000,25000,piece,"IndiaMART natural stone basins (Rs24,999) | https://m.indiamart.com/impcat/stone-basin.html ; IndiaMART Export Master Rs9,500-25,000 | https://m.indiamart.com/export-master/wash-basin.html",2026-10-09,/uploads/products/stone-finish-pedestal-wash-basin.webp,104.jpg,low,low,"checked 2026-10-09. Assumes natural stone; if ceramic/resin with stone effect, price much lower. Material not confirmed."
MH-155,Marble Pattern Pedestal Wash Basin,,Wash Basin,4200.0,2000,4200,6000,piece,"IndiaMART ceramic pedestal basins Rs2,000-6,000 | https://dir.indiamart.com/patna/ceramic-pedestal-wash-basin.html ; https://dir.indiamart.com/patna/pedestal-washbasin.html",2026-10-09,/uploads/products/marble-pattern-pedestal-wash-basin.webp,106.jpg,low,low,checked 2026-10-09. Assumed ceramic with printed marble pattern.
MH-156,Black Marble Finish Pedestal Wash Basin,,Wash Basin,9750.0,4000,9750,28000,piece,"IndiaMART ceramic pedestal basins Rs4,000-9,750 | https://dir.indiamart.com/patna/ceramic-pedestal-wash-basin.html ; TradeIndia black marble pedestal basin Rs28,000 | https://www.tradeindia.com/products/marble-wash-basin-9097481.html",2026-10-09,/uploads/products/black-marble-finish-pedestal-wash-basin.webp,237.jpg,low,low,checked 2026-10-09. Wide range: ceramic marble-look vs genuine marble. Material not confirmed.
MH-157,Bathroom Vanity Cabinet with Basin,,Wash Basin,10899.0,3800,10899,19500,set,"ExportersIndia PVC vanity Rs3,800-5,000 | https://www.exportersindia.com/product-detail/bathroom-vanity-cabinet-8888517896.htm ; GlobalBees Plantex vanity+basin set Rs10,899 | https://shop.globalbees.com/products/plantex-vanity-cabinet-with-washbasin-set-elegant-storage-solution-1-mirror-1-shelf-50-5x36x46-cm-white ; IndiaMART Ddesignery PVC vanity Rs16,500-19,500 | https://m.indiamart.com/ddesignery-manesar-gurugramharyana/bathroom-vanity-cabinet.html",2026-10-09,/uploads/products/bathroom-vanity-cabinet-with-basin.webp,113.jpg,low,medium,"checked 2026-10-09. Price varies with size, material (PVC/HPP/plywood) and mirror inclusion."
MH-158,Wall Hung Solid Surface Basin Counter,KKR,Wash Basin,Price on request,,,,piece,,2026-10-09,/uploads/products/wall-hung-solid-surface-basin-counter.webp,202.jpg,medium,not_found,checked 2026-10-09. not_found. No INR price found; KKR lists on ArchiExpo without price; distributor quote needed.
