id,name,brand,store_price,low,typical,high,unit_basis,sources,date_checked,suggestion,confidence
1,Premium PVC Pipe 1 inch,Astral,120,47,80,140,per metre ~47-79; per 3m length ~140,IndiaMART Astral CPVC 1in 5m Rs79/m https://m.indiamart.com/impcat/astral-cpvc-pipe.html | Aajjo 1in 3m Rs140 https://www.aajjo.com/product/1-inch-astral-cpvc-pipes-3-m-in-coimbatore-sree-lakshmi-pipes,2026-10-09,"review: basis unclear - above per-metre, below per-3m length; confirm unit",low
2,CPVC Hot Water Pipe 3/4 inch,Astral,210,200,350,350,per length (3m ~350; 6m listing 200),IndiaMART Astral 3/4in SDR11 3m Rs350 https://m.indiamart.com/impcat/astral-cpvc-pipe.html | lntsufin Astral 20mm SDR11 3m (POR) https://lntsufin.com/product/astral-20-mm-cpvc-pipes-sdr-11-3-m/16021-179,2026-10-09,review: below 3m-length price (~350); store price likely per 3m,low
3,UPVC Drainage Pipe 4 inch,Supreme,480,110,330,350,per 3m length,IndiaMART Supreme 110mm SWR 3m Rs350 https://m.indiamart.com/impcat/supreme-swr-pipe.html | IndiaMART UPVC SWR 110mm 3m Rs110-330 https://m.indiamart.com/impcat/upvc-swr-pipe.html,2026-10-09,review: above dealer listings for 3m length,low
4,Wall Mounted Wash Basin,Cera,2450,1233,1274,1274,per piece (basin only),McCoy Mart Cera Chico/Cadal wall-hung Rs1233-1274 https://mccoymart.com/buy/cera/wash-basins | lntsufin Cera wall mounted (POR) https://lntsufin.com/product/cera-wash-basin-wall-mounted/15845-334,2026-10-09,review: ~2x entry Cera wall-hung price; ok only if premium model,medium
5,One Piece Western Toilet,Hindware,8900,7700,11625,15500,per piece,TradeIndia Hindware one-piece Rs7700 https://www.tradeindia.com/products/hindware-commodes-9838884.html | Chabsons Aspiro S-220 Rs11625 (MRP 15500) https://www.chabsons.com/products/ewc-1-pc-aspiro-s-220-hindware-star-white-0x0-mm-0inchx0inch,2026-10-09,keep,medium
6,Chrome Bathroom Shower Set,Jaquar,1750,4600,6000,9000,"per set (overhead+hand shower, components summed)",Chabsons Jaquar OHS-CHR-1663 Rs1359 https://www.chabsons.com/products/overhead-shower-round-shape-single-flow-jaquar-faucets-chrome-overhead-shower-0x15-mm-0inchx0-6inch | IndiaMART Jaquar hand shower Rs3250-3550 https://m.indiamart.com/bharat-iron-works,2026-10-09,review: below Jaquar component prices; verify genuine Jaquar/set contents,low
7,Brass Water Tap,Jaquar,640,1065,1200,1210,per piece (bib tap),Moglix Jaquar Continental CON-047KN MRP Rs1200 https://www.moglix.com/jaquar-continental-1-2-inch-chrome-finish-bib-tap-con-047kn/mp/msng9vn8noqdkp | Chabsons Continental Prime Rs1065 https://www.chabsons.com/products/bib-cock-with-nozzle-wall-flange-jaquar-faucets-chrome-continental-prime-0x15-mm-0inchx0-6inch,2026-10-09,review: well below Jaquar MRP (~1200),high
8,Pillar Cock Tap,Cera,520,867,1714,3722,per piece,McCoy Mart Cera Garnet pillar cock Rs867 https://mccoymart.com/buy/cera-quarter-turn-faucets-garnet-pillar-cock-with-aerator | Moglix Cera Sampras Rs2886 https://www.moglix.com/cera-sampras-quarter-turn-single-lever-pillar-cock-table-mounted-g1018101/mp/msn4k6zjrr28kq,2026-10-09,review: below cheapest Cera pillar cock (~867),medium
9,Designer Floor Tile 600x600,Kajaria,780,700,900,1000,"per box (4 pcs, ~16 sqft); ~Rs63/sqft",IndiaMART Kajaria 2x2 Rs700/box https://dir.indiamart.com/lucknow/kajaria-floor-tiles.html | IndiaMART Kajaria 600x600 Rs63/sqft https://dir.indiamart.com/pune/kajaria-floor-tiles.html,2026-10-09,keep,medium
10,Glossy Wall Tile 300x600,Somany,520,320,500,580,"per box (~5 pcs, ~9.7 sqft); Rs48-60/sqft",IndiaMART Somany glossy 300x600 Rs320/box https://m.indiamart.com/impcat/somany-ceramic-tiles.html | Mediainfoline Glosstra Rs48-60/sqft https://www.mediainfoline.com/brand/somany-ceramics-launches-glosstra-plus-indias-glossiest-tiles,2026-10-09,keep,low
11,Anti Skid Bathroom Tile,Nitco,610,512,600,656,"per box 300x300 (~10 pcs, ~9.7 sqft) - non-Nitco comparables",Chabsons Simpolo Flora Skid 300x300 Rs512-656/box https://www.chabsons.com/products/flora-skid-309-simpolo-tiles-flora-skid-matt-300x300-mm-12inchx12inch | IndiaMART Nitco tiles https://m.indiamart.com/impcat/nitco-tiles.html,2026-10-09,keep,low
12,PVC Elbow 1 inch,Astral,18,25,45,70,per piece,IndiaMART Astral 1in UPVC elbow Rs70 (threaded) https://www.indiamart.com/arun-tube-company/upvc-pipe-fittings.html | IndiaMART 1in CPVC elbow Rs25 https://m.indiamart.com/pawansteel-traders/pipe-fitting.html,2026-10-09,review: below listed 1in elbow prices,low
13,PVC Tee 1 inch,Astral,24,61,61,90,per piece,IndiaMART 1in CPVC tee Rs61 https://m.indiamart.com/pawansteel-traders/pipe-fitting.html | IndiaMART Astral Aquasafe reducing tee Rs90 https://m.indiamart.com/draj-engineeringsystem/reducer-tee.html,2026-10-09,review: below listed 1in tee prices,low
14,Pipe Coupler 3/4 inch,Supreme,15,11,25,42,per piece,Industrybuying Supreme 20mm CPVC coupler pack600 ~Rs42/pc https://www.industrybuying.com/cpvc-fittings-supreme-PLU.COU.75567343 | IndiaMART Supreme 3/4 UPVC reducer Rs11 https://m.indiamart.com/narhari-enterprises/upvc-pipe-fitting.html,2026-10-09,keep,low
15,Drilling Machine 13mm,Bosch,3200,2800,3860,5477,per piece (GSB 13 RE),Aajjo Bosch GSB13RE Rs2800-3860 https://www.aajjo.com/product/bosch-gsb-13-re-impact-drill-0-2800-rpm-in-mumbai-professional-drilling-engineering | price-history Amazon kit Rs5477 https://price-history.in/product/bosch-gsb-13-re-heavy-duty-iywXNvIm,2026-10-09,keep,medium
16,Angle Grinder 4 inch,Makita,2750,3149,3300,3420,per piece (100mm),pricebefore Flipkart Makita M9509B Rs3149 https://www.pricebefore.com/makita-m9509b-angle-grinder-100-mm-wheel-diameter-t2146.html | Genpumps Makita 9553NB Rs3420 https://genpumps.com/products/makita-m9553-nb-angle-grinder,2026-10-09,keep,low
17,Cutting Machine 14 inch,Bosch,5600,15750,16500,17000,per piece (GCO 14-24),Genpumps GCO 14-24 Rs15750 https://genpumps.com/collections/all/products/bosch-gco-14-24-professional-metal-cut-off-saw | Genpumps GCO 14-24 J Rs17000 https://genpumps.com/products/bosch-gco-14-24-j-professional-metal-cut-off-saw,2026-10-09,review: ~1/3 of Bosch 14in chop saw price,medium
18,Steel Claw Hammer,Taparia,320,365,436,468,per piece,Industrybuying Taparia claw hammer Rs365-400 https://www.industrybuying.com/brands/taparia-16/claw-hammer-13952 | price-history Amazon CLH 450 Rs436 https://price-history.in/product/taparia-clh-450-claw-hammer-handle-ilO5PbG5,2026-10-09,keep,low
19,Adjustable Wrench 10 inch,Taparia,450,370,370,370,per piece (1172-10),Robu.in Taparia 1172-10 Rs370 https://robu.in/product/taparia-255mm-phosphate-finish-adjustable-spanner1172-10/ | lntsufin (POR) https://lntsufin.com/product/taparia-10-inch-adjustable-hand-spanners-tp002-18-35-mm/17489-578,2026-10-09,review: ~20% above retail listing,low
20,Screwdriver Set (6 pcs),Taparia,390,279,440,499,per set,Robu.in Taparia PSFP-6 Rs279-314 https://robu.in/product/taparia-psfp-6-precision-screw-driver-set | Flipkart Taparia 840 6pc Rs440 (MRP 499) https://www.flipkart.com/taparia-taparia-802-combination-screwdriver-set/p/itme3610106e35b5,2026-10-09,keep,medium
21,Cement Bag 50 kg,UltraTech,410,300,350,360,per 50kg bag,IndiaMART Bhopal UltraTech PPC Rs350 https://m.indiamart.com/joints-engineers-services/construction-cement.html | Comaron 2026 PPC 300-320 OPC 340-360 https://www.comaron.com/blog/ultratech-cement-price-today-city-wise-rates-2026,2026-10-09,review: above Bhopal/market rate (~350),medium
22,River Sand (per cubic ft),Local,55,45,80,120,per cubic ft,InfraLens Bhopal river sand Rs1975-2634/t (~82-120/cft) https://infralens.in/prices/aggregates/bhopal | ConstructionEstimatorIndia Rs45-85/cft https://constructionestimatorindia.com/?p=11306,2026-10-09,keep,medium
23,Stainless Steel Door Hinge,Godrej,85,,,,per piece,Godrej site (no price) https://www.godrejenterprises.com/furniture/fittings/architectural-hardware/door-fittings/p/door-hinge-plain-joint-stainless-steel | lntsufin Godrej 4365 (POR) https://lntsufin.com/product/godrej-stainless-steel-self-closing-door-hinges/16042-1052,2026-10-09,not_found,low
24,Brass Door Lock,Godrej,1250,2050,2315,4707,per piece (mortise lock; sets higher),Bajaj Finserv Godrej mortise Rs2315 https://www.bajajfinserv.in/know-all-about-mortise-locks | price-history Amazon Godrej mortise sets Rs4429-4707 https://price-history.in/product/godrej-mortise-lock-handle-lock-set-fqcCyxce,2026-10-09,review: below Godrej mortise prices; ok if padlock/rim lock,low
25,Wood Screw 1 inch (100 pcs),Local,110,27,50,208,per pack of 100,IndiaMART MS wood screw Rs27-35/100 https://m.indiamart.com/impcat/wood-screws.html | element14 1in No.8 Rs208/100 https://in.element14.com/c/fasteners-mechanical/fasteners-fixings/screws-bolts/wood-screws,2026-10-09,keep,medium
26,Table Top Wash Basin,Store Brand,2850,1299,1700,4379,per piece,DealsMagnet Amazon Plantex Rs1299-4379 https://www.dealsmagnet.com/deal/plantex-ceramic-table-top-wash-basinbasin-for-bath-1d4YadTi | DealsMagnet BonKaso Rs1700 https://www.dealsmagnet.com/deal/bonkaso-white-ceramic-tabletop-wash-basin-16-x16-x-1bBh9d9D,2026-10-09,keep,medium
27,Corner Wash Basin,Standard,1950,1550,2149,3300,per piece (retail),GlobalBees Plantex corner Rs2149-2649 https://shop.globalbees.com/products/plantex-ceramic-corner-basin-for-2000000167281 | Aajjo Hindware corner Rs3300 https://www.aajjo.com/product/corner-ceramic-wash-basin-in-chennai-chowdhry-agencies,2026-10-09,keep,medium
28,Wall Hung Western Toilet,Premium,7400,6249,8400,11599,per piece,Ruhe wall-hung rimless Rs8404-8443 https://ruheindia.com/products/tera-wall-hung-western-toilet-seat | GlobalBees Plantex wall hung Rs6249-11599 https://shop.globalbees.com/products/plantex-platinium-ceramic-rimless-wall-hung-2000000091890,2026-10-09,keep,medium
29,Indian Toilet Pan 22 inch,Standard,1150,200,1793,3370,per piece (retail branded 1580-3370; bulk 140-200),Ruhe Orissa pan Rs2170 https://ruheindia.com/products/orissa-pan-indian-toilet | Chabsons Hindware Orissa 21in Rs1793 https://www.chabsons.com/products/orissa-pan-hindware-star-white-530x410-mm-21inchx16inch,2026-10-09,keep,medium
30,Toilet Seat Cover,Store Brand,480,135,500,915,per piece,IndiaFreeStuff Plantex PP seat Rs499-749 https://www.indiafreestuff.in/plantex-polypropylene-western-toilet-seats-for-bathroomtoilet-seatcommode-seat-cover-oval-shapeglossy-white | Ruhe soft close Rs894-915 https://ruheindia.com/products/stanza-toilet-seat-cover-soft-close,2026-10-09,keep,medium
31,Flush Cistern 10 Litre,Standard,1850,380,500,1020,per piece (plastic/HDPE),GeM Induss 10L Rs880-917 (MRP 980-1020) https://org.gem.gov.in/cart/cart_global/directBuy/855664 | IndiaMART Trident 10L Rs500 https://m.indiamart.com/tridententerpriseindia/flushing-cistern.html,2026-10-09,review: above plastic 10L cistern range; ok only if ceramic,medium
32,Wall Mounted Urinal,Standard,1350,353,2099,9000,per piece,IndiaMART Simandhar urinal Rs353-1000 https://m.indiamart.com/simandharceramic/urinal.html | StudioMatrx guide Rs2500-9000 retail https://www.studiomatrx.org/guides/sanitaryware-cost-india,2026-10-09,keep,medium
33,Health Faucet with Hose,Store Brand,520,563,750,1015,per set,Ruhe Ring White Rs563 https://ruheindia.com/products/ring-white-health-faucet-with-hose-hook | Ruhe Target Chrome Rs897 https://ruheindia.com/products/target-health-faucet-chrome-by-ruhe,2026-10-09,keep,medium
34,Bathroom Mirror 18x24 inch,Standard,950,643,1050,2649,per piece,Flipkart 18x24 frameless Rs643 https://www.flipkart.com/hi/gracio-beamer-bathroom-mirror/p/itmc059b502b5b94 | IndiaMART aluminium frame 18x24 Rs1050 https://m.indiamart.com/proddetail/rectangular-mirror-frame-2853553783130.html,2026-10-09,keep,medium
35,Stainless Steel Floor Drain,Heavy Duty,260,120,375,735,per piece (5in),IndiaMART SS floor drain Rs120-700 https://dir.indiamart.com/impcat/stainless-steel-floor-drain.html | Ruhe 5in 304 drains Rs539-735 https://ruheindia.com/products/fire-floor-drain-square-flat-cut-5-x-5-inches-with-hole-and-cockroach-trap,2026-10-09,keep,medium
36,Towel Rod 24 inch,Standard,420,142,399,1099,per piece,IndiaMART SS 24in towel rod Rs142-899 https://m.indiamart.com/gloxyenterprise-rajkot/towel-rod.html | GlobalBees Plantex 24in Rs735-1099 https://shop.globalbees.com/products/plantex-stainless-steel-towel-hanger-for-1000000027854,2026-10-09,keep,medium
37,Bib Cock Tap,Store Brand,340,130,250,563,per piece,IndiaMART Arav Metal bib cock Rs130-250 https://m.indiamart.com/arav-metal | IndiaMART Aadi Udyog long body Rs350 https://m.indiamart.com/aadi-udyog,2026-10-09,keep,medium
38,Angle Cock Chrome,Standard,290,160,380,570,per piece (15mm),TradeIndia brass angle cock Rs160 https://www.tradeindia.com/products/brass-angle-cock-c3722499.html | GeM 15mm angle valve Rs380 https://org.gem.gov.in/cart/cart_global/directBuy/853663,2026-10-09,keep,medium
39,Swan Neck Tap,Premium,980,508,1052,1424,per piece,Moglix Neelkund swan neck Rs508 https://www.moglix.com/neelkund-pan-brass-silver-chrome-finish-swan-neck-pillar-tap-for-bathroom-kitchen/mp/msne5n8g3720kl | IndiaMART Monarch Bath Rs1052-1424 https://m.indiamart.com/monarchbath/pillar-cocks.html,2026-10-09,keep,medium
40,Basin Mixer Tap,Premium,1450,806,2129,6249,per piece (single lever),Moglix Perk SLCH-33000 Rs2129 https://www.moglix.com/perk-brass-single-lever-basin-mixer-slch-33000/mp/msn39yr1n2pl5q | GlobalBees Plantex Rs4999-6249 https://shop.globalbees.com/products/plantex-pure-brass-pri-323-single-lever-basin-2000000084495,2026-10-09,keep,low
41,Wall Mixer with Spout,Premium,2350,2468,4147,5305,per piece (with L-bend),Moglix Cliquin Siya Rs2468 https://www.moglix.com/cliquin-orange-siya-brass-silver-chrome-finish-wall-mixer-with-l-bend-pipe-for-bathroom/mp/msn4k6zqw128kq | Ruhe Elixir Rs5305 https://ruheindia.com/products/elixir-wall-mixer-with-l-bend-faucet-by-ruhe,2026-10-09,keep,medium
42,Shower Mixer Single Lever,Premium,2100,2280,2282,5562,per piece (concealed),Moglix Jaquar Opal Prime Rs2282 https://www.moglix.com/jaquar-opal-prime-chrome-single-lever-concealed-deusch-mixer-with-overhead-shower-only-opp-chr-15227pm/mp/msn8klp2wplq5v | Moglix Jaquar Alive SS Rs5562 https://www.moglix.com/jaquar-alive-stainless-steel-single-lever-concealed-deusch-mixer-ali-ssf-85227/mp/msne5n8lepqdkl,2026-10-09,keep,low
43,Hand Shower with Hose,Store Brand,680,709,919,1079,per set,Moglix Marcoware ABS hand shower Rs709 https://www.moglix.com/marcoware-abs-chrome-finish-triangular-rainfall-hand-shower-with-15m-hose-wall-hook/mp/msn4k6zl3oe3kq | Ruhe Volt Rs919 https://ruheindia.com/products/volt-hand-shower-with-304-grade-ss-hose-hook,2026-10-09,keep,medium
44,Overhead Shower 8 inch,Standard,1250,1249,1600,2206,per piece,GlobalBees Plantex 304 SS 8in Rs1249 https://shop.globalbees.com/products/plantex-304-grade-stainless-steel-square-overhead-1000000067322 | lntsufin RN 6901 8x8 Rs2206 https://lntsufin.com/product/rn-6901-overhead-dual-flow-shower-8x8-inch-stainless-steel/17115-1951,2026-10-09,keep,medium
45,Kitchen Sink Tap,Heavy Duty,760,440,1500,3200,per piece (brass sink cock),globalbees Plantex ICO-912/LEA-712 ₹1549 https://shop.globalbees.com | hindware.com sink cock ₹800-2000 https://hindware.com/product-category/faucets/faucets-faucets/sink-cock/page/4 | moglix Neelkund pair ₹876,2026-10-09,keep,medium
46,PVC Pipe 1.5 inch,Standard,190,150,190,250,per 6 m length (store likely per length),indiamart Premi&Sons 1.25in 6m ₹150 https://m.indiamart.com/premi-sons/pvc-pipe.html | indiamart Prashant 2in 6m ₹186 https://m.indiamart.com/prashantpolymers/pvc-pipe.html,2026-10-09,keep,low
47,PVC Pipe 2 inch,Standard,260,186,240,300,per 6 m length (store likely per length),indiamart Prashant 2in 6m ₹186 https://m.indiamart.com/prashantpolymers/pvc-pipe.html | indiamart Batlee Supreme 6m ₹271 https://m.indiamart.com/batleehousingsolution/upvc-pipe.html,2026-10-09,keep,medium
48,PVC Pipe 4 inch,Heavy Duty,520,422,600,1250,per 6 m length (store likely per length),indiamart Prashant 4in 6m ₹422 https://m.indiamart.com/prashantpolymers/pvc-pipe.html | indiamart Supreme 4in ₹1200-1250/pc https://dir.indiamart.com/impcat/supreme-pvc-pipes.html,2026-10-09,keep,medium
49,CPVC Pipe 1 inch,Standard,340,237,350,504,per 3 m length (₹79-168/m),indiamart Ashirvad 1in 3m ₹300/pc & ₹168/m https://m.indiamart.com/impcat/ashirvad-cpvc-pipe.html | indiamart Astral 1in ₹79/m https://m.indiamart.com/impcat/astral-cpvc-pipe.html,2026-10-09,keep,medium
50,SWR Drainage Pipe 3 inch,Heavy Duty,390,280,300,320,per 3 m length (₹97-106/m),dial4trade Pune 75mm ₹97-106/m https://www.dial4trade.com/pune/pvc-swr-pipes.htm | indiamart Jaipur 75mm ₹280/pc https://m.indiamart.com/impcat/upvc-swr-pipe.html,2026-10-09,review: ~20% above ₹280-320/3m listings; ok only if branded Type B,medium
51,Water Tank Pipe 1.25 inch,Standard,230,150,230,388,per length (PVC 6m ₹150; CPVC ₹388),indiamart Premi&Sons 1.25in 6m ₹150 https://m.indiamart.com/premi-sons/pvc-pipe.html | indiamart Supreme CPVC 1.25in ₹388 https://m.indiamart.com/sstrading-lucknow,2026-10-09,keep,low
52,PVC Union 1 inch,Standard,65,20,53,109,per piece,indiamart Unify 1in UPVC union ₹109 https://m.indiamart.com/impcat/upvc-union.html | industrybuying Miraj 1in pack of 10 ₹530 https://www.industrybuying.com/upvc-pipe-fittings-miraj-PLU.UPV.436794533,2026-10-09,keep,medium
53,PVC Reducer 2 to 1 inch,Standard,38,,,,per piece,no priced PVC 2x1 reducer found (only CPVC 2x1.5 ₹94 https://m.indiamart.com/impcat/cpvc-reducer.html),2026-10-09,not_found,low
54,Brass Nipple 1/2 inch,Heavy Duty,75,10,24,24,per piece (wholesale listings),tradeindia Harigeet 1/2in ₹24 (MOQ 52) https://www.tradeindia.com/products/brass-hex-nipples-4129706.html | aajjo Banzer ₹10 https://www.aajjo.com/product/brass-hex-nipple-in-bhuvneshwar-banzer-metal-works,2026-10-09,review: ~3x wholesale ₹10-24; retail data thin,low
55,Brass Ball Valve 3/4 inch,Heavy Duty,310,407,1000,1719,per piece,industrybuying Leader GM285 3/4in ₹1299+GST MRP ₹1719 https://www.industrybuying.com/air-line-ball-valve-leader-PLU.BAL.47249361 | tradeindia 3/4in ₹1000 https://www.tradeindia.com/products/brass-ball-valve-c9556416.html,2026-10-09,review: below branded ₹407+ listings; check brass grade/brand,medium
56,pvc Elbow 1 inch,Standard,55,4,7,16,per piece,indiamart Delight Polytech 1in UPVC elbow ₹4-8 https://m.indiamart.com/delightpolytech/upvc-elbow.html | indiamart Indore Aquachem ₹16 https://m.indiamart.com/city/indore/plastic-elbow.html,2026-10-09,review: far above PVC/UPVC 1in elbow ₹4-16; ₹55 fits GI elbow (category mismatch),medium
57,GI Tee 1 inch,Standard,68,27,54,64,per piece (listings ex-GST),indiamart BB Infras 1in GI tee ₹54 https://m.indiamart.com/bbinfras/gi-tee.html | tradeindia 1in reducing tee ₹27 (MOQ 100) https://www.tradeindia.com/products/gi-tee-40x25-mm-c10072336.html,2026-10-09,keep,medium
58,Pipe Clamp 1 inch (10 pcs),Standard,90,50,90,230,per pack of 10 (₹5-23/pc),tradeindia Rajkot 1in PVC clamp ₹5/pc https://www.tradeindia.com/products/u-pvc-clamp-9182838.html | indiamart SS clip ₹23/pc https://m.indiamart.com/impcat/u-clamp.html,2026-10-09,keep,low
59,Wood Screw 2 inch (100 pcs),Standard,150,30,150,533,per box of 100,in.element14.com 2in No.10 zinc 100pk ₹533 https://in.element14.com/c/fasteners-mechanical/fasteners-fixings/screws-bolts/wood-screws | indiamart MS wood screw ₹29-40/box https://m.indiamart.com/impcat/wood-screws.html,2026-10-09,keep,low
60,Wood Screw 3 inch (50 pcs),Standard,170,30,170,533,per box (generic range),dial4trade Delhi 3in MS RMT ₹30/box https://www.dial4trade.com/delhi/wood-screws.htm | in.element14.com zinc 100pk ₹533 https://in.element14.com/c/fasteners-mechanical/fasteners-fixings/screws-bolts/wood-screws,2026-10-09,keep,low
61,Wire Nails 2 inch (1 kg),Standard,85,54,68,86,per kg (bulk ex-GST ₹54-73),indiamart Kanpur 2in ₹72/kg https://m.indiamart.com/city/kanpur/nails.html | indiamart Satara 2in ₹73/kg https://m.indiamart.com/city/satara/nails.html,2026-10-09,keep,medium
62,Bolt Nut Washer Set (50 pcs),Standard,210,90,150,215,per set (pro-rata from Moglix packs),moglix Rpi M5x10 200pc ₹357 https://www.moglix.com/rpi-shop-200-pcs-m5x10mm-hex-head-bolt-set-with-nut-flat-washer/mp/msnnkqgjx2pv9x | moglix Rpi M5x35 100pc ₹428 https://www.moglix.com/rpi-shop-100-pcs-m5x35mm-hex-head-bolt-set-with-nut-flat-washer/mp/msn4k6zw4x28kq,2026-10-09,keep,low
63,Door Hinge 6 inch,Heavy Duty,140,35,100,250,per piece,tradeindia SS 6in hinge ₹35 (bulk) https://www.tradeindia.com/manufacturers/hinges.html | globalbees Plantex HD 5in ~₹96/pc https://shop.globalbees.com/products/plantex-heavy-duty-stainless-steel-door-butt-3000000084944,2026-10-09,keep,low
64,Brass Door Handle Pair,Premium,780,360,800,2400,per pair (₹180-1200/pc),indiamart Masha Allah 8in brass ₹400/pc https://m.indiamart.com/masha-allah-creations/pull-handle.html | indiamart New Ways 8in brass ₹1200/pc https://m.indiamart.com/newways-sanitary-store/pull-handle.html,2026-10-09,keep,medium
65,Mortice Lock with Keys,Heavy Duty,1650,778,2315,4400,per set,industrybuying Godrej lock sets ₹778-2005 https://www.industrybuying.com/brands/godrej-184/door-lock-set-17794 | price-history.in Godrej mortise handle set ~₹4390 https://price-history.in/product/godrej-mortise-lock-handle-lock-set-vWcCyxce,2026-10-09,keep,medium
66,Tower Bolt Latch 8 inch,Standard,120,42,120,547,per piece,indiamart Mani Ent. 8in SS ₹42 https://m.indiamart.com/manienterpriserajkot/tower-bolt.html | globalbees Plantex 8in ₹375-547/pc https://shop.globalbees.com/products/plantex-heavy-duty-8-inch-joint-less-tower-bolt-2000000095697,2026-10-09,keep,medium
67,Shelf Bracket 10 inch,Standard,95,103,170,220,per piece,indiamart Rajkot 10in MS ₹220/pc https://m.indiamart.com/proddetail/folding-shelf-brackets-for-dressing-tables-made-of-ms-and-iron-2856728832662.html | moglix Smart Shophar 10in SS set of 2 ₹205 https://www.moglix.com/smart-shophar-10-inch-stainless-steel-silver-f-type-rectangle-glass-shelf-bracket-set-sha80sb-ftyr-10sl12-s1/mp/msn457myd1rn9j,2026-10-09,review: slightly below ₹103-220/pc listings,low
68,U Clamp 2 inch (10 pcs),Standard,110,100,300,700,per pack of 10 (₹10-70/pc),indiamart 2in CPVC metal clamp ₹10/pc https://m.indiamart.com/impcat/cpvc-clamp.html | indiamart Indore 2in HD SWR clip ₹70 https://m.indiamart.com/impcat/u-clamp.html,2026-10-09,keep,low
69,Floor Tile 600x600 Glossy Grey,Standard,820,372,744,1160,per box of 4 (~15.5 sq ft); store ≈₹53/sq ft so per-box,indiamart Morbi 600x600 glossy ₹24-27/sq ft https://m.indiamart.com/impcat/vitrified-tiles.html | indiamart Kajaria 2x2 ₹48/sq ft https://m.indiamart.com/impcat/vitrified-floor-tile.html,2026-10-09,keep,medium
70,Anti Skid Floor Tile 600x600,Standard,690,326,760,1010,per box of 4 (~15.5 sq ft); store ≈₹45/sq ft so per-box,lntsufin Orientbell anti-skid ~₹49/sq ft https://lntsufin.com/product/orientbell-anti-skid-600-x-600-mm-rugged-slate-matt-ceramic-tile/17064-2113 | indiamart Bizzotto ₹60-65/sq ft https://m.indiamart.com/bizzotto-ceramics/,2026-10-09,keep,medium
71,Kitchen Wall Tile 300x450,Standard,480,117,150,185,per box of 6 (0.81 sq m); store likely per-box,indiamart Neon Tile 300x450 ₹120-150/box https://m.indiamart.com/impcat/johnson-kitchen-tiles.html | indiamart kitchen tiles ₹117-185/box https://m.indiamart.com/impcat/kitchen-tiles.html,2026-10-09,review: ~2.6x Morbi ₹117-185/box; ok only if branded,medium
72,Designer Wall Tile 300x600,Premium,640,120,700,935,per box of 5 (~9.7 sq ft),chabsons 600x300 ₹767-935/box https://www.chabsons.com/products/4671-hl-indian-tiles-wall-tiles-series-1-600x300-mm-24inchx12inch | tradeindia 300x600 ₹700/box https://www.tradeindia.com/products/wall-tiles-9007424.html,2026-10-09,keep,medium
73,Marble Finish Floor Tile 800x800,Premium,1450,930,1240,1550,per box of 3 (~20.7 sq ft); store ≈₹70/sq ft so per-box,tradeindia PGVT ₹45-60/sq ft https://www.tradeindia.com/products/gvt-pgvt-tiles-9246078.html | indiamart designer vitrified ₹55-75/sq ft https://m.indiamart.com/impcat/vitrified-tiles.html,2026-10-09,keep,low
74,Granite Finish Floor Tile 600x600,Premium,960,500,930,1040,per box of 4 (~15.5 sq ft); store ≈₹62/sq ft so per-box,indiamart Shree Tiles GVT 600x600 ₹500/box https://m.indiamart.com/shreetilesandgranite | tradeindia PGVT 600x600 ₹60/sq ft https://www.tradeindia.com/products/gvt-pgvt-tiles-9246078.html,2026-10-09,keep,medium
75,Combination Plier 8 inch,Heavy Duty,280,249,260,269,per piece (Taparia 1621-8 ref),indiamart Taparia 1621-8 ₹249-269 https://m.indiamart.com/impcat/taparia-plier.html | lntsufin Taparia 1621-8 https://lntsufin.com/product/taparia-210-mm-combination-mechanical-pliers-1621-8-polished/16995-12,2026-10-09,keep,medium
76,Pipe Wrench 14 inch,Heavy Duty,720,286,500,668,per piece,indiamart Stanley 71-643 14in ₹500 https://m.indiamart.com/impcat/pipe-wrench.html | hunarsetu Stanley 14in ₹446 https://www.hunarsetu.com/en/product/stanley-pipe-wrench-pipe-wrench-stillson-pattern-350mm-14-71-643,2026-10-09,review: above ₹286-668 (Stanley 14in ₹446-500),medium
77,Measuring Tape 5 m,Standard,160,157,160,199,per piece,bigbasket Freemans 5m ₹157 MRP ₹199 https://www.bigbasket.com/pd/40348713/spartan-zest-steel-measuring-tape-5m-19-mm-red-black-1-pc/ | shakedeal Freemans 5m (on request),2026-10-09,keep,medium
78,Spanner Set 12 pcs,Heavy Duty,890,300,700,900,per set,moglix Jhalani 9pc ₹659 MRP ₹778 https://www.moglix.com/jhalani-double-ended-open-jaw-spanner-set-12-9-w/mp/msnikqfdjc1 | flipkart Taparia DEP08 8pc ₹398-420,2026-10-09,keep,low
79,Plastic Tool Box 16 inch,Standard,540,360,483,742,per piece,industrybuying Stanley 16in ₹483 MRP ₹742 https://www.industrybuying.com/tool-storage-organizer-stanley-ST.TO.1557709 | indiamart Jaipur 16in ₹360-440 https://m.indiamart.com/city/jaipur/tool-boxes.html,2026-10-09,keep,medium
80,Hacksaw Frame with Blade,Standard,230,117,230,582,per piece,indiamart Ludhra frame ₹117 https://m.indiamart.com/ludhraimpex/hacksaw-frames.html | moglix Implemental 12in + 5 blades ₹582 https://www.moglix.com/implemental-12-inch-metal-hacksaw-frame-with-5-blades/mp/msn153v7m6zyk3,2026-10-09,keep,medium
81,Welding Machine 200A,Heavy Duty,8900,5377,7500,12072,per unit (IGBT ARC 200A),pricebefore iBELL M200 ₹5377-7204 https://www.pricebefore.com/ibell-m200-77bc-200a-built-hot-start-anti-stick-functions-t24204.html | pricebefore Rilon ARC 200 ₹12072 https://www.pricebefore.com/rilon-arc-200-inverter-welding-machine-t17082.html,2026-10-09,keep,medium
82,Water Pump 1 HP,Standard,5400,2100,5432,15000,per unit (1HP monoblock),indiamart CRI Royal 100 1HP ₹5432 https://m.indiamart.com/impcat/cri-monoblock-pumps.html | indiamart self-priming 1HP ₹2100-15000 https://m.indiamart.com/impcat/self-priming-monoblock-pump.html,2026-10-09,keep,medium
83,Pressure Pump 0.5 HP,Standard,3900,8500,9000,11500,per unit (0.5HP booster),indiamart Kirloskar K-Booster 0.5HP ₹8500 / Suguna BP50 ₹9000 | aajjo Bhopal Chirag Sales 0.5HP ₹11500 https://www.aajjo.com/product/pressure-pumps-05-hp-037-kw-in-bhopal-chirag-sales,2026-10-09,review: far below 0.5HP booster ₹8.5k-11.5k; ok only if basic monoblock,medium
84,Tile Adhesive 20 kg,Standard,520,300,550,683,per 20 kg bag,indiamart UltraTech Tilefixo ₹300-650/bag https://m.indiamart.com/adityaenterprises-siliguri | industrybuying AdhiSeal 20kg ₹459-683 https://www.industrybuying.com/brands/adhiseal-27598/adhesives-sealants-and-tape-2595/tile-adhesives-17466,2026-10-09,keep,high
85,Waterproofing Compound 5 L,Standard,680,1575,1929,3200,per 5 L pack (Dr Fixit ref),moglix Dr Fixit Roofseal 5L ₹1929 MRP ₹2250 https://www.moglix.com/dr-fixit-5-litre-roofseal-148/mp/msn2rcthoxr7fx-g | indiamart Dr Fixit All Seal 5L ₹1575 https://m.indiamart.com/drfixit,2026-10-09,review: well below branded 5L ₹1575-2250; ok only if generic,low
86,Binding Wire 1 kg,Standard,95,54,70,100,per kg,indiamart Gurugram 20SWG MS ₹54/kg https://m.indiamart.com/city/gurugram/binding-wire.html | exportersindia Howrah MS ₹70 / GI ₹60-100/kg https://www.exportersindia.com/howrah/binding-wire.htm,2026-10-09,keep,medium
87,PTFE Thread Seal Tape,Standard,25,2,15,30,per roll,indiamart teflon tapes ₹2-30 https://m.indiamart.com/impcat/teflon-tapes.html,2026-10-09,keep,low
88,PVC Solvent Cement 100 ml,Standard,100,21,23,160,per 100 ml bottle (₹160 is CPVC),indiamart Delhi 100ml PVC ₹23 / Bengaluru ₹21 https://m.indiamart.com/impcat/pvc-solvent-cement.html | indiamart Faridabad 100ml CPVC ₹160 https://m.indiamart.com/city/faridabad/solvent-cements.html,2026-10-09,review: ~4x PVC 100ml ₹21-23; nearer CPVC/branded,medium
