file,kind,what,reason
1.jpg,product,"Collage of cream CPVC fittings: brass-insert tees, ball valve, elbow, tee, couplers, male/female adapters",alternate view/different model of a product; not used to avoid mixing models
2.jpg,product,"Combination plier, 8 inch, yellow/black insulated grips",visible brand differs from catalogue brand
3.jpg,product,"Wall-mounted kitchen sink mixer, brushed steel with black flexible spout and spray head",alternate view/different model of a product; not used to avoid mixing models
4.jpg,product,"AI-generated collage of hex nuts, threaded inserts and bolts with garbled labels",poor quality
5.jpg,product,White PVC reducing tee,alternate view/different model of a product; not used to avoid mixing models
9.jpg,product,"White PVC pipe with elbow, tee, 3-way, coupler, end cap, 45-degree elbow",alternate view/different model of a product; not used to avoid mixing models
13.jpg,product,"16-grid collage of white PVC pipe fittings: pipe, coupler, adapters, elbows, tees, wye, cross, union, ball valve",alternate view/different model of a product; not used to avoid mixing models
14.jpg,lifestyle,Garage pegboard wall with organized hand tools,not a product photo
15.jpg,product,Chrome two-way bib cock with lever handle and hose nozzle (washing machine tap),alternate view/different model of a product; not used to avoid mixing models
16.jpg,product,Large white PVC 90-degree drainage elbow,alternate view/different model of a product; not used to avoid mixing models
17.webp,product,CPVC solvent adhesive tin with celebrity endorsement on label,visible brand differs from catalogue brand
18.jpg,product,Red MIG/MMA inverter welding machine with torch and earth clamps,alternate view/different model of a product; not used to avoid mixing models
19.jpg,product,"Steel wire nails with ring-shank, 4 pcs",alternate view/different model of a product; not used to avoid mixing models
20.jpg,showroom,"Sanitaryware showroom aisle with taps, shower columns, kitchen sinks and mirrors",not a product photo
21.jpg,showroom,"Showroom display of rain showers, basin mixers and accessories in gold, black and chrome",watermark/ad: vogt (store signage)
22.jpg,showroom,Tile and wash basin showroom with tabletop basins on display stand,watermark/ad: Nguyen Bao Interior banner with hotline and website
24.jpg,texture,Laid glossy white marble-finish large floor tiles,not a product photo
25.jpg,ad,"Supplier catalogue page: waste couplings, bottle traps, gratings, bib cocks, angle valves, CP fittings",watermark/ad: A.S supplier catalogue page 31
26.jpg,showroom,Wall display of glass/stone mosaic tile sample boards,not a product photo
27.jpg,showroom,"Showroom row of wall-hung toilets in white, beige and grey with flush plates",not a product photo
28.jpg,product,"Assorted furniture fasteners: threaded inserts, wing nuts, T-nuts, barrel nuts, shelf pins",watermark/ad: Google Lens icon overlay
30.jpg,product,"Stack of glossy marble-finish floor tile samples (white, brown, black, beige)",alternate view/different model of a product; not used to avoid mixing models
33.jpg,showroom,Showroom wall of stainless and black shower panels with hand showers,not a product photo
40.jpg,texture,"Grid of 12 marble texture swatches (beige, white-gold, grey, black-gold)",watermark/ad: creativefabrica.com
45.jpg,product,Black flexible basin waste pipe with pop-up drain under white vessel basin,alternate view/different model of a product; not used to avoid mixing models
46.jpg,ad,AI-generated flat-lay of teal cordless power tools and batteries with garbled branding,not a product photo
49.jpg,product,"Chrome bathroom accessory set: towel rack, towel bars, ring, hooks, paper holder, soap dish, tumbler, dispenser, brush",alternate view/different model of a product; not used to avoid mixing models
50.jpg,product,Chrome single-lever wall mixer with bath spout and diverter,alternate view/different model of a product; not used to avoid mixing models
54.jpg,product,"Oil-rubbed bronze bathroom accessory set collage: towel rack, bar, ring, hook, paper holder, brush, soap basket",alternate view/different model of a product; not used to avoid mixing models
56.jpg,product,Round stone-look table top vessel basin with bronze wall-mounted basin mixer,alternate view/different model of a product; not used to avoid mixing models
57.jpg,product,Chrome multi-function hand shower head,alternate view/different model of a product; not used to avoid mixing models
59.jpg,product,"Four matte black square floor drain covers (tile insert, slotted, round cover, pattern)",alternate view/different model of a product; not used to avoid mixing models
62.jpg,product,"Two steel wire nails, flat head",alternate view/different model of a product; not used to avoid mixing models
64.jpg,product,"White PVC reducer coupling, SCH 40",visible brand differs from catalogue brand
69.jpg,product,White PVC reducing wye/sanitary tee drainage fitting,alternate view/different model of a product; not used to avoid mixing models
70.jpg,product,"Assorted white and dark grey PVC pipes, various diameters",alternate view/different model of a product; not used to avoid mixing models
72.jpg,product,"Bulk steel wire nails, round head",alternate view/different model of a product; not used to avoid mixing models
76.jpg,product,"Adjustable wrench, black with blue grip (render)",alternate view/different model of a product; not used to avoid mixing models
77.jpg,product,Chrome wall-mounted single-lever shower mixer,alternate view/different model of a product; not used to avoid mixing models
79.jpg,product,Matte black single-lever basin mixer on white basin,alternate view/different model of a product; not used to avoid mixing models
85.jpg,product,Glossy white marble-look floor tile with beige veins,alternate view/different model of a product; not used to avoid mixing models
86.jpg,product,Black PVC 90-degree elbows (4 pcs),alternate view/different model of a product; not used to avoid mixing models
87.jpg,product,Chrome bottle trap under dark wall-hung basin,alternate view/different model of a product; not used to avoid mixing models
88.jpg,product,White one-piece square western toilet with gold line accents,watermark/ad: HOLA
89.jpg,product,"Glossy white marble-look slab tile with gold veins, neon border",watermark/ad: neon frame overlay / small logo
95.jpg,product,"Collage of grey SWR, CPVC, PVC pipes and fittings",watermark/ad: supplier logo on pipes (illegible)
96.jpg,product,"Grey PVC pipe close-up, IS 4985",visible brand differs from catalogue brand
97.jpg,product,Cream CPVC pipes with brass/CPVC fittings and ball valve,visible brand differs from catalogue brand
100.jpg,ad,Advert for Plasto chrome bathroom taps and faucets,watermark/ad: Plasto advertisement
101.jpg,ad,Advert for yellow/green/orange garden hose pipe coils,watermark/ad: Plasto advertisement
102.jpg,product,Yellow PVC garden hose pipe coils,watermark/ad: Plasto logo with Hindi tagline
105.jpg,showroom,"Interior with white vanity, LED mirror, herringbone wall tiles and kitchen",watermark/ad: small designer logo bottom right
107.jpg,showroom,"Bathroom vanity with stone vessel basin, round LED mirror, wood slats",not a product photo
109.jpg,showroom,Marble-walled bathroom with rectangular table-top basin and gold mirror,not a product photo
110.jpg,product,Black glossy table-top basin with silver crackle exterior,watermark/ad: InArt
111.jpg,product,White oval table-top basin on black counter with wood vanity,alternate view/different model of a product; not used to avoid mixing models
112.jpg,product,Round white marble-pattern table-top basin with gold tap,alternate view/different model of a product; not used to avoid mixing models
114.jpg,product,White-gold marble-pattern oval table-top basin with black tap,alternate view/different model of a product; not used to avoid mixing models
115.jpg,product,"White rectangular wall-hung basin with wall tap, dark backdrop",alternate view/different model of a product; not used to avoid mixing models
116.jpg,product,Black glossy table-top basin with speckled exterior and black tap,alternate view/different model of a product; not used to avoid mixing models
117.jpg,lifestyle,Grey vanity with integrated white basin and chrome mixer in bathroom,not a product photo
118.jpg,product,Collage of assorted white/marble/grey table-top basins,alternate view/different model of a product; not used to avoid mixing models
119.jpg,product,White PVC bib cock with dimensions (10x5 cm),visible brand differs from catalogue brand
120.jpg,product,White PVC wall-mounted swan neck sink cock with black knob,alternate view/different model of a product; not used to avoid mixing models
121.jpg,product,Chrome deck-mounted swan neck sink tap,alternate view/different model of a product; not used to avoid mixing models
122.jpg,product,Chrome wall-mounted waterfall spout mixer with shelf,poor quality
123.jpg,product,Chrome swan neck kitchen sink tap with running water,poor quality
124.jpg,product,Chrome brass pillar cock with feature icons,alternate view/different model of a product; not used to avoid mixing models
125.jpg,product,White PVC bib cock with black knob,poor quality
126.jpg,product,Chrome wall-mounted concealed basin mixer with spout,visible brand differs from catalogue brand
127.jpg,product,Chrome pillar cock with dimensions (7.5x10 cm),alternate view/different model of a product; not used to avoid mixing models
129.jpg,product,Chrome wall-mounted single-lever basin mixer with plate,alternate view/different model of a product; not used to avoid mixing models
134.jpg,product,Brushed steel single-lever centreset basin mixer,alternate view/different model of a product; not used to avoid mixing models
135.jpg,product,SS kitchen sink waste coupling with flexible corrugated pipe,alternate view/different model of a product; not used to avoid mixing models
136.jpg,lifestyle,"Flat-lay of assorted hand tools (pliers, wrenches, clamp, hammer, tape)",not a product photo
137.jpg,showroom,"workshop tool wall with spanners, screwdrivers, power tools on pegboard and shelves",not a product photo
139.jpg,ad,teal Hi-MAX impact drill on grass with replacement armature gear,watermark/ad: 13B Gear text overlay
140.jpg,product,cream CPVC 90 degree elbow,alternate view/different model of a product; not used to avoid mixing models
143.jpg,product,cream CPVC female threaded adapter with brass insert,alternate view/different model of a product; not used to avoid mixing models
145.jpg,product,cream CPVC union 3/4 inch,alternate view/different model of a product; not used to avoid mixing models
148.jpg,product,"three granite/stone-pattern floor tiles in grey, red, blue",alternate view/different model of a product; not used to avoid mixing models
149.jpg,product,"three designer floor tiles: hexagon, mosaic medallion, wood-look with motif",alternate view/different model of a product; not used to avoid mixing models
150.jpg,product,"three marble/stone finish tiles: beige, white statuario, grey slate",poor quality
151.jpg,texture,rustic stone-look tiles in beige/brown shades,not a product photo
152.jpg,product,large beige glossy marble-look slab tile on display stand in showroom,watermark/ad: MYTYLES
153.jpg,product,"geometric designer tile in wood, grey and white with 3D centre",alternate view/different model of a product; not used to avoid mixing models
154.jpg,product,"three marble finish slab tiles: black-gold, cream, white",alternate view/different model of a product; not used to avoid mixing models
155.jpg,product,"three tiles: grey stone, white marble, dark wood finish",poor quality
156.jpg,product,yellow UltraTech PPC cement bag 50 kg,visible brand differs from catalogue brand
157.jpg,product,white PTFE thread seal tape roll 12mm x 12m,visible brand differs from catalogue brand
158.jpg,product,galvanised steel binding wire coil,alternate view/different model of a product; not used to avoid mixing models
159.jpg,product,teal can of Birla Opus Alldry waterproofing repair compound,visible brand differs from catalogue brand
160.jpg,product,Birla White Tilestix Intero TX1 tile adhesive bag 20 kg,visible brand differs from catalogue brand
161.jpg,ad,0.5 HP automatic water pressure pump with pressure controller and gauge,watermark/ad: ad text overlay
162.jpg,product,black/orange monoblock self-priming water pump,alternate view/different model of a product; not used to avoid mixing models
163.jpg,product,yellow inverter ARC welding machine 200A,visible brand differs from catalogue brand
164.jpg,product,red hacksaw frame with 12 inch high carbon steel blades,alternate view/different model of a product; not used to avoid mixing models
165.jpg,product,red/black plastic tool box with organiser lid 39x22x19 cm,visible brand differs from catalogue brand
166.jpg,product,12 pc combination spanner set 6-22mm in roll pouch,alternate view/different model of a product; not used to avoid mixing models
167.jpg,product,chrome single lever swan neck basin mixer,watermark/ad: Jaquar logo
168.jpg,product,chrome two-handle swan neck sink mixer,alternate view/different model of a product; not used to avoid mixing models
169.jpg,product,chrome concealed wall-mounted basin mixer with spout on dark wall,alternate view/different model of a product; not used to avoid mixing models
170.jpg,product,brushed nickel wall-mounted basin mixer with separate spout,alternate view/different model of a product; not used to avoid mixing models
171.jpg,product,chrome single lever basin mixer on vanity,alternate view/different model of a product; not used to avoid mixing models
172.jpg,product,"chrome single lever basin mixer, square body",alternate view/different model of a product; not used to avoid mixing models
173.jpg,product,"chrome concealed wall-mounted basin mixer with spout, loop lever",alternate view/different model of a product; not used to avoid mixing models
174.jpg,product,yellow 5 m measuring tape,watermark/ad: ibo
175.jpg,product,pipe wrench with red handle,visible brand differs from catalogue brand
176.jpg,product,"8 inch combination plier, blue/black grip",alternate view/different model of a product; not used to avoid mixing models
177.jpg,lifestyle,living room with black speckled granite-finish floor tiles,not a product photo
178.jpg,product,"black speckled granite-finish floor tile, 4-tile layout",watermark/ad: SUGAR 17053
179.jpg,lifestyle,room with black high-gloss marble-look floor tiles 1200x1200,watermark/ad: supplier logo bottom-right
180.jpg,ad,beige marble-look ultra thin vinyl floor tiles in living room,watermark/ad: ad text overlay
181.jpg,product,white/onyx marble herringbone designer wall tile,alternate view/different model of a product; not used to avoid mixing models
182.jpg,product,chrome wall mixer with spout and overhead shower bend pipe,alternate view/different model of a product; not used to avoid mixing models
183.jpg,product,chrome square hand shower with steel hose and holder,alternate view/different model of a product; not used to avoid mixing models
184.jpg,product,"square stainless rain overhead shower with arm, running water",alternate view/different model of a product; not used to avoid mixing models
185.jpg,product,"beige speckled matt floor tiles, 4-tile layout",poor quality
186.jpg,product,two stainless steel U pipe clamps,alternate view/different model of a product; not used to avoid mixing models
187.jpg,product,four black L shelf brackets with screws and wall plugs,alternate view/different model of a product; not used to avoid mixing models
188.jpg,product,satin steel tower bolt with keeper,alternate view/different model of a product; not used to avoid mixing models
189.jpg,product,antique brass mortice lever handle lock set on wooden door,alternate view/different model of a product; not used to avoid mixing models
190.jpg,product,pair of brass door pull handles with plates,alternate view/different model of a product; not used to avoid mixing models
191.jpg,product,antique brass butt door hinge installed on wooden door,visible brand differs from catalogue brand
192.jpg,product,"stainless hex bolt with nut, flat and spring washer",alternate view/different model of a product; not used to avoid mixing models
193.jpg,product,pile of steel wire nails,watermark/ad: faint stock-site watermark
194.jpg,product,black phillips countersunk wood/drywall screws,alternate view/different model of a product; not used to avoid mixing models
195.jpg,product,white PVC equal tee,poor quality
197.jpg,product,chrome adjustable wrench 250 mm (10 inch),alternate view/different model of a product; not used to avoid mixing models
198.jpg,product,chrome waterfall single lever basin mixer in bathroom,alternate view/different model of a product; not used to avoid mixing models
199.jpg,product,KML Classic CPVC pipes 1 inch with assorted CPVC fittings,watermark/ad: KML Classic logo
201.jpg,lifestyle,"dark brushed designer deck-mount basin spout with crystal handle, cascading water",not a product photo
203.jpg,product,"grid of glossy marble-finish tile samples (white, gold, grey, brown, black veining)",alternate view/different model of a product; not used to avoid mixing models
205.jpg,product,"chrome stainless steel bathroom accessory set: towel rack, hook rail, towel rod, corner shelves, paper holder, toilet brush",alternate view/different model of a product; not used to avoid mixing models
206.jpg,product,chrome single-lever square basin mixer tap on white basin,watermark/ad: dreamstime
207.jpg,product,grey/yellow measuring tape 8 m x 25 mm,visible brand differs from catalogue brand
208.jpg,product,"assorted screws, bolts, hex nut and drill bit collage",watermark/ad: nipic.com
209.jpg,product,bundle of white uPVC pipes of various diameters,visible brand differs from catalogue brand
210.jpg,product,"assorted stainless/brass fasteners: bolts, nuts, washers, eye bolt, shackle, hose clamp",alternate view/different model of a product; not used to avoid mixing models
212.jpg,product,"grey flexible extendable sink waste pipe, with under-sink install photos",alternate view/different model of a product; not used to avoid mixing models
214.jpg,product,set of 15 white PVC 45-degree elbows,alternate view/different model of a product; not used to avoid mixing models
216.jpg,product,single steel barrel/sex bolt (binding screw) close-up,alternate view/different model of a product; not used to avoid mixing models
217.jpg,product,shelves of grey UPVC/PVC union fittings of many sizes,alternate view/different model of a product; not used to avoid mixing models
219.jpg,texture,white/blue marble pattern panel with gold veins,not a product photo
220.jpg,product,four large glossy white marble-look tiles on showroom display board,alternate view/different model of a product; not used to avoid mixing models
221.jpg,product,two cream PVC/CPVC union fittings,watermark/ad: NB-QXHY (supplier logo)
222.jpg,product,white/grey wall-mounted sink tap with swivel spout,visible brand differs from catalogue brand
224.jpg,product,white PVC 22.5/45-degree elbow,alternate view/different model of a product; not used to avoid mixing models
225.jpg,product,"collage of white PVC DWV drainage fittings: elbows, tees, wye, cross, cap, adapter, vent cap, coupling",watermark/ad: NB-QXHY (supplier logo)
226.jpg,product,white PVC 90-degree street elbow,alternate view/different model of a product; not used to avoid mixing models
227.jpg,product,cream CPVC equal tee,alternate view/different model of a product; not used to avoid mixing models
228.jpg,product,stack of grey PVC pipes with socket ends in warehouse yard,alternate view/different model of a product; not used to avoid mixing models
229.jpg,product,wood chisel with wooden handle and steel blade,watermark/ad: Vecteezy
230.jpg,product,"collage of white PVC fittings: 5/6-way cross, coupler, elbow, tee, wye, 3-way corner",alternate view/different model of a product; not used to avoid mixing models
231.jpg,product,black and gold LED waterfall basin mixer tap,alternate view/different model of a product; not used to avoid mixing models
232.jpg,product,white PVC SCH40 reducing 90-degree elbow,alternate view/different model of a product; not used to avoid mixing models
233.jpg,product,white PVC 90-degree male threaded elbow,alternate view/different model of a product; not used to avoid mixing models
234.jpg,product,yellow/black handled screwdriver with spiral tip (likely AI-generated),alternate view/different model of a product; not used to avoid mixing models
235.jpg,lifestyle,dark slate/stone-look wall tiles in shower corner,not a product photo
236.jpg,showroom,sanitaryware showroom render with basins and toilets on display,not a product photo
239.jpg,product,white rectangular table-top basin on floating black vanity with LED mirror,alternate view/different model of a product; not used to avoid mixing models
240.jpg,product,large glossy grey onyx marble-look floor tile (~800x800) in tile shop,alternate view/different model of a product; not used to avoid mixing models
242.jpg,product,ten cream CPVC reducer bushings,visible brand differs from catalogue brand
243.jpg,product,white PPR/PVC reducing tee,alternate view/different model of a product; not used to avoid mixing models
244.jpg,product,chrome concealed health faucet set with mixer and steel hose,alternate view/different model of a product; not used to avoid mixing models
246.jpg,product,yellow corded 4 inch angle grinder with side handle,alternate view/different model of a product; not used to avoid mixing models
248.jpg,showroom,"bathroom showroom with vessel basins, vanities and mirror cabinets",not a product photo
249.jpg,product,pile of steel lost-head wire nails,alternate view/different model of a product; not used to avoid mixing models
251.jpg,product,chrome 3-in-1 wall mixer with bend pipe and spout,visible brand differs from catalogue brand
252.jpg,product,grey PVC pipe saddle clamps (12 pcs) with self-drilling screws,alternate view/different model of a product; not used to avoid mixing models
253.jpg,product,two stainless steel tri-clamp concentric reducers,alternate view/different model of a product; not used to avoid mixing models
254.jpg,product,chrome concealed wall-mounted single-lever basin mixer with spout,alternate view/different model of a product; not used to avoid mixing models
256.jpg,product,"chrome concealed thermostatic shower set: square overhead, slide rail hand shower, valve plate",alternate view/different model of a product; not used to avoid mixing models
257.webp,product,chrome 2-in-1 wall mixer with bend pipe and spout,visible brand differs from catalogue brand
258.jpg,product,white marble-pattern hourglass pedestal wash basin installed with pillar tap,alternate view/different model of a product; not used to avoid mixing models
259.jpg,product,"white flexible waste pipe with black ends, straight and bent",poor quality
260.jpg,product,white PVC pipe bend / long sweep elbow (render),alternate view/different model of a product; not used to avoid mixing models
261.jpg,product,"collage of white PVC fittings: coupler, 45 elbow, 90 elbow, tee",alternate view/different model of a product; not used to avoid mixing models
263.jpg,product,"black countersunk machine screws with hex nuts, washers and Phillips bit",alternate view/different model of a product; not used to avoid mixing models
264.jpg,product,cream PVC/CPVC equal tee on black background,poor quality
372.jpg,ad,"PVC solvent cement tins and tube in several sizes, promotional banner",watermark/ad: PlastoChem brand banner
373.jpg,product,clear all-purpose PVC/CPVC/ABS cement tin 118 ml with dauber,alternate view/different model of a product; not used to avoid mixing models
47.jpg,duplicate,identical to 46.jpg,exact duplicate
51.jpg,duplicate,identical to 50.jpg,exact duplicate
78.jpg,duplicate,identical to 77.jpg,exact duplicate
93.jpg,duplicate,identical to 92.jpg,exact duplicate
238.jpg,duplicate,identical to 237.jpg,exact duplicate
255.jpg,duplicate,identical to 254.jpg,exact duplicate
267.jpg,duplicate,identical to 2.jpg,exact duplicate
268.jpg,duplicate,identical to 3.jpg,exact duplicate
269.jpg,duplicate,identical to 4.jpg,exact duplicate
270.jpg,duplicate,identical to 5.jpg,exact duplicate
271.jpg,duplicate,identical to 6.jpg,exact duplicate
272.jpg,duplicate,identical to 7.jpg,exact duplicate
273.jpg,duplicate,identical to 8.jpg,exact duplicate
274.jpg,duplicate,identical to 10.jpg,exact duplicate
275.jpg,duplicate,identical to 14.jpg,exact duplicate
276.jpg,duplicate,identical to 15.jpg,exact duplicate
277.jpg,duplicate,identical to 16.jpg,exact duplicate
278.jpg,duplicate,identical to 18.jpg,exact duplicate
279.jpg,duplicate,identical to 20.jpg,exact duplicate
280.jpg,duplicate,identical to 21.jpg,exact duplicate
281.jpg,duplicate,identical to 22.jpg,exact duplicate
282.jpg,duplicate,identical to 23.jpg,exact duplicate
283.jpg,duplicate,identical to 24.jpg,exact duplicate
284.jpg,duplicate,identical to 26.jpg,exact duplicate
285.jpg,duplicate,identical to 27.jpg,exact duplicate
286.jpg,duplicate,identical to 28.jpg,exact duplicate
287.jpg,duplicate,identical to 29.jpg,exact duplicate
288.jpg,duplicate,identical to 33.jpg,exact duplicate
289.jpg,duplicate,identical to 34.jpg,exact duplicate
290.jpg,duplicate,identical to 35.jpg,exact duplicate
291.jpg,duplicate,identical to 37.jpg,exact duplicate
292.jpg,duplicate,identical to 39.jpg,exact duplicate
293.jpg,duplicate,identical to 41.jpg,exact duplicate
294.jpg,duplicate,identical to 46.jpg,exact duplicate
295.jpg,duplicate,identical to 48.jpg,exact duplicate
296.jpg,duplicate,identical to 50.jpg,exact duplicate
297.jpg,duplicate,identical to 52.jpg,exact duplicate
298.jpg,duplicate,identical to 53.jpg,exact duplicate
299.jpg,duplicate,identical to 55.jpg,exact duplicate
300.jpg,duplicate,identical to 56.jpg,exact duplicate
301.jpg,duplicate,identical to 58.jpg,exact duplicate
302.jpg,duplicate,identical to 59.jpg,exact duplicate
303.jpg,duplicate,identical to 60.jpg,exact duplicate
304.jpg,duplicate,identical to 61.jpg,exact duplicate
305.jpg,duplicate,identical to 63.jpg,exact duplicate
306.jpg,duplicate,identical to 64.jpg,exact duplicate
307.jpg,duplicate,identical to 65.jpg,exact duplicate
308.jpg,duplicate,identical to 66.jpg,exact duplicate
309.jpg,duplicate,identical to 67.jpg,exact duplicate
310.jpg,duplicate,identical to 68.jpg,exact duplicate
311.jpg,duplicate,identical to 70.jpg,exact duplicate
312.jpg,duplicate,identical to 71.jpg,exact duplicate
313.jpg,duplicate,identical to 73.jpg,exact duplicate
314.jpg,duplicate,identical to 74.jpg,exact duplicate
315.jpg,duplicate,identical to 75.jpg,exact duplicate
316.jpg,duplicate,identical to 76.jpg,exact duplicate
317.jpg,duplicate,identical to 77.jpg,exact duplicate
318.jpg,duplicate,identical to 79.jpg,exact duplicate
319.jpg,duplicate,identical to 80.jpg,exact duplicate
320.jpg,duplicate,identical to 81.jpg,exact duplicate
321.jpg,duplicate,identical to 82.jpg,exact duplicate
322.jpg,duplicate,identical to 83.jpg,exact duplicate
323.jpg,duplicate,identical to 84.jpg,exact duplicate
324.jpg,duplicate,identical to 86.jpg,exact duplicate
325.jpg,duplicate,identical to 88.jpg,exact duplicate
326.jpg,duplicate,identical to 90.jpg,exact duplicate
327.jpg,duplicate,identical to 92.jpg,exact duplicate
328.jpg,duplicate,identical to 94.jpg,exact duplicate
329.jpg,duplicate,identical to 95.jpg,exact duplicate
330.jpg,duplicate,identical to 96.jpg,exact duplicate
331.jpg,duplicate,identical to 98.jpg,exact duplicate
332.jpg,duplicate,identical to 103.jpg,exact duplicate
333.jpg,duplicate,identical to 104.jpg,exact duplicate
334.jpg,duplicate,identical to 106.jpg,exact duplicate
335.jpg,duplicate,identical to 121.jpg,exact duplicate
336.jpg,duplicate,identical to 122.jpg,exact duplicate
337.jpg,duplicate,identical to 126.jpg,exact duplicate
338.jpg,duplicate,identical to 128.jpg,exact duplicate
339.jpg,duplicate,identical to 131.jpg,exact duplicate
340.jpg,duplicate,identical to 132.jpg,exact duplicate
341.jpg,duplicate,identical to 134.jpg,exact duplicate
342.jpg,duplicate,identical to 135.jpg,exact duplicate
343.jpg,duplicate,identical to 162.jpg,exact duplicate
344.jpg,duplicate,identical to 165.jpg,exact duplicate
345.jpg,duplicate,identical to 168.jpg,exact duplicate
346.jpg,duplicate,identical to 169.jpg,exact duplicate
347.jpg,duplicate,identical to 170.jpg,exact duplicate
348.jpg,duplicate,identical to 171.jpg,exact duplicate
349.jpg,duplicate,identical to 200.jpg,exact duplicate
350.jpg,duplicate,identical to 204.jpg,exact duplicate
351.jpg,duplicate,identical to 207.jpg,exact duplicate
352.jpg,duplicate,identical to 215.jpg,exact duplicate
353.jpg,duplicate,identical to 216.jpg,exact duplicate
354.jpg,duplicate,identical to 223.jpg,exact duplicate
355.jpg,duplicate,identical to 224.jpg,exact duplicate
356.jpg,duplicate,identical to 229.jpg,exact duplicate
357.jpg,duplicate,identical to 233.jpg,exact duplicate
358.jpg,duplicate,identical to 234.jpg,exact duplicate
359.jpg,duplicate,identical to 235.jpg,exact duplicate
360.jpg,duplicate,identical to 240.jpg,exact duplicate
361.jpg,duplicate,identical to 244.jpg,exact duplicate
362.jpg,duplicate,identical to 245.jpg,exact duplicate
363.jpg,duplicate,identical to 246.jpg,exact duplicate
364.jpg,duplicate,identical to 248.jpg,exact duplicate
365.jpg,duplicate,identical to 250.jpg,exact duplicate
366.jpg,duplicate,identical to 252.jpg,exact duplicate
367.jpg,duplicate,identical to 256.jpg,exact duplicate
368.jpg,duplicate,identical to 262.jpg,exact duplicate
369.jpg,duplicate,identical to 263.jpg,exact duplicate
370.jpg,duplicate,identical to 265.jpg,exact duplicate
371.jpg,duplicate,identical to 266.jpg,exact duplicate
